acquisition_date,aqusition_way,count
1700.0,,1
1702.0,Purchase,1
1702.0,,2
1703.0,Purchase,1
1703.0,,1
1704.0,Donation,1
1704.0,,1
1705.0,,1
1706.0,,1
1707.0,Donation,1
1707.0,,2
1708.0,Division of Finds,1
1708.0,,1
1709.0,Division of Finds,1
1709.0,Purchase,1
1709.0,,2
1710.0,Division of Finds,1
1710.0,,1
1711.0,,2
1712.0,Purchase,1
1713.0,Purchase,1
1713.0,,1
1714.0,Purchase,1
1714.0,,1
1716.0,,1
1717.0,Donation,1
1717.0,,1
1718.0,,1
1719.0,Purchase,1
1720.0,,1
1722.0,,1
1723.0,Purchase,2
1723.0,,1
1726.0,Purchase,1
1726.0,,1
1727.0,,1
1729.0,Purchase,1
1730.0,Purchase,1
1731.0,Purchase,1
1732.0,Purchase,1
1732.0,,2
1733.0,Purchase,1
1734.0,Purchase,1
1734.0,,1
1735.0,,1
1736.0,,1
1737.0,,1
1738.0,Purchase,1
1738.0,,3
1739.0,,1
1740.0,Purchase,1
1740.0,,1
1741.0,,1
1742.0,,1
1744.0,,1
1746.0,,1
1747.0,Division of Finds,1
1747.0,Purchase,1
1747.0,,1
1750.0,Purchase,2
1750.0,,1
1751.0,,1
1753.0,Bequest,624
1753.0,Division of Finds,1
1753.0,Donation,2
1753.0,Purchase,1
1753.0,Transfer,28
1753.0,,1
1754.0,Donation,1
1754.0,Purchase,1
1754.0,,1
1755.0,Bequest,1
1756.0,Donation,1
1756.0,,1
1757.0,Donation,3
1757.0,,1
1758.0,Donation,2
1758.0,,1
1759.0,Bequest,1
1759.0,Donation,1
1760.0,,2
1761.0,Donation,1
1761.0,Purchase,1
1761.0,,1
1762.0,Donation,4
1763.0,Donation,2
1763.0,,1
1764.0,Donation,1
1765.0,Donation,4
1766.0,Donation,5
1767.0,Donation,1
1769.0,Bequest,30
1769.0,,2
1771.0,Donation,1
1771.0,,1
1772.0,Bequest,1
1772.0,Donation,2
1772.0,Purchase,88
1772.0,,21
1774.0,Donation,2
1775.0,Donation,1
1775.0,Purchase,1
1775.0,,10
1776.0,Bequest,1
1776.0,Donation,3
1776.0,Purchase,1
1777.0,Bequest,1
1777.0,Purchase,1
1777.0,,3
1778.0,Donation,1
1778.0,,38
1779.0,,1
1780.0,Donation,9
1781.0,Donation,2
1781.0,,1
1783.0,,2
1784.0,Donation,5
1784.0,,1
1785.0,Donation,1
1785.0,Purchase,1
1785.0,,1
1786.0,Donation,1
1786.0,,1
1787.0,,1
1789.0,Donation,6
1789.0,Purchase,1
1789.0,,1
1791.0,Bequest,1
1791.0,,2
1792.0,Donation,2
1792.0,,2
1793.0,Purchase,2
1793.0,,1
1795.0,,1
1796.0,Donation,8
1797.0,Division of Finds,1
1797.0,Donation,1
1797.0,,2
1798.0,Purchase,1
1799.0,Bequest,712
1799.0,Donation,2
1799.0,,8
1800.0,Bequest,1
1800.0,Donation,23
1800.0,,38
1801.0,,2
1802.0,Division of Finds,1
1802.0,Donation,12
1802.0,,4
1803.0,Donation,2
1803.0,Purchase,2
1804.0,Bequest,1
1804.0,Donation,39
1804.0,,1
1805.0,Donation,5
1805.0,Purchase,70
1805.0,,2
1806.0,Donation,5
1806.0,Purchase,3
1806.0,,1
1807.0,Donation,3
1807.0,Purchase,1
1807.0,,1
1808.0,Donation,1
1808.0,Transfer,1
1808.0,,3
1809.0,Donation,3
1809.0,,1
1810.0,Donation,31
1810.0,,109
1811.0,Bequest,233
1811.0,Donation,5
1811.0,Purchase,1
1811.0,,17
1812.0,Donation,1
1812.0,Purchase,1
1812.0,,1
1813.0,Donation,14
1813.0,Purchase,1
1813.0,,1
1814.0,Bequest,1
1814.0,Donation,3
1814.0,Purchase,103
1814.0,Transfer,60
1814.0,,15
1815.0,Donation,11
1815.0,Purchase,1
1815.0,,5
1816.0,Bequest,1
1816.0,Donation,5
1816.0,Purchase,26
1816.0,,6
1817.0,Donation,54
1817.0,Purchase,1
1817.0,,4
1818.0,Bequest,4
1818.0,Donation,1020
1818.0,Purchase,537
1818.0,Transfer,1
1818.0,,10
1819.0,Donation,2
1819.0,Purchase,1
1819.0,,4
1820.0,Bequest,1
1820.0,Donation,5
1820.0,Purchase,6
1820.0,,1
1821.0,Bequest,1
1821.0,Donation,4
1821.0,Purchase,33
1821.0,,2
1822.0,Donation,5
1822.0,Transfer,1
1822.0,,4
1823.0,Division of Finds,1
1823.0,Donation,7
1823.0,Purchase,52
1823.0,,3
1824.0,Bequest,206
1824.0,Donation,45
1824.0,Purchase,1
1824.0,Transfer,1
1824.0,,3
1825.0,Donation,242
1825.0,Purchase,69
1825.0,,3
1826.0,Donation,5
1826.0,Purchase,5
1826.0,,3
1827.0,Donation,12
1827.0,Purchase,83
1827.0,,2
1828.0,Bequest,1
1828.0,Donation,15
1828.0,,1
1829.0,Bequest,2
1829.0,Donation,15
1829.0,Purchase,3
1829.0,,1
1830.0,Donation,4
1830.0,Purchase,7
1830.0,,2
1831.0,Donation,15
1831.0,Purchase,15
1831.0,,1
1832.0,Donation,7
1832.0,Purchase,21
1832.0,Transfer,1
1832.0,,6
1833.0,Donation,17
1833.0,Purchase,28
1833.0,,39
1834.0,Bequest,22
1834.0,Donation,63
1834.0,Purchase,151
1834.0,,3
1835.0,Donation,13
1835.0,Purchase,263
1835.0,,14
1836.0,Donation,34
1836.0,Purchase,301
1836.0,,14
1837.0,Donation,42
1837.0,Purchase,171
1837.0,Transfer,2
1837.0,,268
1838.0,Donation,36
1838.0,Purchase,197
1838.0,Transfer,6
1838.0,,4
1839.0,Donation,44
1839.0,Purchase,241
1839.0,,7
1840.0,Donation,37
1840.0,Purchase,117
1840.0,,8
1841.0,Donation,84
1841.0,Purchase,171
1841.0,,9
1842.0,Donation,46
1842.0,Purchase,125
1842.0,,8
1843.0,Donation,60
1843.0,Purchase,248
1843.0,Transfer,1
1843.0,,10
1844.0,Donation,13
1844.0,Purchase,141
1844.0,,9
1845.0,Donation,44
1845.0,Purchase,84
1845.0,,18
1846.0,Donation,51
1846.0,Purchase,98
1846.0,Transfer,3
1846.0,,11
1847.0,Donation,53
1847.0,Purchase,303
1847.0,Transfer,1
1847.0,,14
1848.0,Donation,94
1848.0,Purchase,300
1848.0,Transfer,2
1848.0,,90
1849.0,Donation,70
1849.0,Exchange,1
1849.0,Purchase,442
1849.0,Transfer,2
1849.0,,49
1850.0,Division of Finds,1
1850.0,Donation,38
1850.0,Purchase,400
1850.0,Transfer,8
1850.0,,37
1851.0,Donation,146
1851.0,Purchase,278
1851.0,Transfer,55
1851.0,,121
1852.0,Bequest,1
1852.0,Donation,91
1852.0,Purchase,401
1852.0,Transfer,2
1852.0,,17
1853.0,Bequest,5
1853.0,Donation,136
1853.0,Purchase,486
1853.0,Transfer,20
1853.0,,102
1854.0,Bequest,2
1854.0,Donation,129
1854.0,Purchase,390
1854.0,Transfer,1
1854.0,,37
1855.0,Bequest,4
1855.0,Donation,255
1855.0,Exchange,1
1855.0,Purchase,452
1855.0,Transfer,1
1855.0,,117
1856.0,Bequest,135
1856.0,Donation,150
1856.0,Purchase,907
1856.0,Transfer,6
1856.0,,252
1857.0,Donation,116
1857.0,Purchase,152
1857.0,Transfer,17
1857.0,,42
1858.0,Donation,67
1858.0,Purchase,182
1858.0,Transfer,10
1858.0,,11
1859.0,Bequest,25
1859.0,Donation,104
1859.0,Purchase,257
1859.0,Transfer,4
1859.0,,78
1860.0,Bequest,1
1860.0,Donation,146
1860.0,Purchase,291
1860.0,Transfer,7
1860.0,,38
1861.0,Bequest,3
1861.0,Division of Finds,1
1861.0,Donation,165
1861.0,Purchase,260
1861.0,Transfer,2
1861.0,,33
1862.0,Donation,118
1862.0,Purchase,293
1862.0,Transfer,6
1862.0,,17
1863.0,Donation,77
1863.0,Purchase,298
1863.0,Transfer,16
1863.0,,42
1864.0,Bequest,6
1864.0,Donation,109
1864.0,Purchase,356
1864.0,Transfer,2
1864.0,,352
1865.0,Bequest,539
1865.0,Donation,155
1865.0,Purchase,533
1865.0,Transfer,5
1865.0,,26
1866.0,Bequest,41
1866.0,Donation,289
1866.0,Exchange,1
1866.0,Purchase,466
1866.0,Transfer,1
1866.0,,40
1867.0,Bequest,1
1867.0,Donation,184
1867.0,Purchase,560
1867.0,Transfer,1
1867.0,,47
1868.0,Bequest,255
1868.0,Donation,225
1868.0,Exchange,30
1868.0,Purchase,653
1868.0,Transfer,11
1868.0,,121
1869.0,Bequest,8
1869.0,Donation,875
1869.0,Exchange,69
1869.0,Purchase,239
1869.0,Transfer,2
1869.0,,46
1870.0,Bequest,16
1870.0,Donation,368
1870.0,Exchange,8
1870.0,Purchase,499
1870.0,Transfer,7
1870.0,Treasure Trove,2
1870.0,,178
1871.0,Bequest,10
1871.0,Donation,303
1871.0,Exchange,1
1871.0,Purchase,401
1871.0,Treasure Trove,4
1871.0,,48
1872.0,Bequest,6
1872.0,Donation,376
1872.0,Exchange,23
1872.0,Purchase,471
1872.0,Transfer,2
1872.0,,160
1873.0,Bequest,9
1873.0,Donation,266
1873.0,Exchange,3
1873.0,Purchase,487
1873.0,Transfer,1
1873.0,Treasure Trove,1
1873.0,,61
1874.0,Bequest,69
1874.0,Division of Finds,1
1874.0,Donation,118
1874.0,Purchase,314
1874.0,Transfer,2
1874.0,,57
1875.0,Bequest,2
1875.0,Division of Finds,1
1875.0,Donation,218
1875.0,Purchase,589
1875.0,Transfer,14
1875.0,,65
1876.0,Division of Finds,1
1876.0,Donation,314
1876.0,Purchase,348
1876.0,Treasure Trove,2
1876.0,,101
1877.0,Bequest,1
1877.0,Donation,767
1877.0,Purchase,261
1877.0,Transfer,34
1877.0,,91
1878.0,Bequest,146
1878.0,Division of Finds,1
1878.0,Donation,349
1878.0,Exchange,3
1878.0,Purchase,267
1878.0,,98
1879.0,Bequest,3
1879.0,Division of Finds,1
1879.0,Donation,537
1879.0,Purchase,276
1879.0,Transfer,1
1879.0,,75
1880.0,Bequest,1
1880.0,Division of Finds,1
1880.0,Donation,205
1880.0,Purchase,288
1880.0,Transfer,335
1880.0,,604
1881.0,Bequest,63
1881.0,Donation,153
1881.0,Purchase,932
1881.0,Transfer,4
1881.0,,259
1882.0,Bequest,1
1882.0,Donation,219
1882.0,Exchange,1
1882.0,Purchase,429
1882.0,Transfer,80
1882.0,,242
1883.0,Bequest,1
1883.0,Donation,445
1883.0,Purchase,305
1883.0,,202
1884.0,Bequest,1
1884.0,Donation,246
1884.0,Purchase,211
1884.0,Transfer,2
1884.0,,165
1885.0,Bequest,1
1885.0,Donation,537
1885.0,Exchange,5
1885.0,Purchase,182
1885.0,Treasure Trove,1
1885.0,,54
1886.0,Donation,738
1886.0,Purchase,322
1886.0,Transfer,14
1886.0,Treasure Trove,1
1886.0,,135
1887.0,Bequest,26
1887.0,Donation,1393
1887.0,Purchase,320
1887.0,Transfer,2
1887.0,,60
1888.0,Bequest,96
1888.0,Donation,653
1888.0,Purchase,243
1888.0,Transfer,5
1888.0,,116
1889.0,Bequest,45
1889.0,Division of Finds,1
1889.0,Donation,677
1889.0,Exchange,10
1889.0,Purchase,349
1889.0,Transfer,37
1889.0,,76
1890.0,Bequest,3
1890.0,Donation,363
1890.0,Exchange,3
1890.0,Purchase,238
1890.0,Transfer,11
1890.0,,102
1891.0,Bequest,296
1891.0,Donation,643
1891.0,Exchange,50
1891.0,Purchase,513
1891.0,Transfer,4
1891.0,,147
1892.0,Donation,311
1892.0,Exchange,20
1892.0,Purchase,458
1892.0,Transfer,2
1892.0,,55
1893.0,Division of Finds,1
1893.0,Donation,411
1893.0,Purchase,506
1893.0,Transfer,4
1893.0,,73
1894.0,Bequest,1
1894.0,Donation,279
1894.0,Purchase,344
1894.0,Transfer,85
1894.0,Treasure Trove,1
1894.0,,153
1895.0,Bequest,4
1895.0,Donation,368
1895.0,Exchange,4
1895.0,Purchase,428
1895.0,Transfer,76
1895.0,Treasure Trove,6
1895.0,,56
1896.0,Bequest,85
1896.0,Division of Finds,13
1896.0,Donation,563
1896.0,Exchange,3
1896.0,Purchase,266
1896.0,,167
1897.0,Bequest,1218
1897.0,Division of Finds,1
1897.0,Donation,343
1897.0,Purchase,357
1897.0,Transfer,1
1897.0,Treasure Trove,1
1897.0,,202
1898.0,Bequest,304
1898.0,Donation,256
1898.0,Exchange,16
1898.0,Purchase,538
1898.0,Transfer,1
1898.0,,115
1899.0,Bequest,14
1899.0,Donation,171
1899.0,Exchange,7
1899.0,Purchase,326
1899.0,,77
1900.0,Bequest,112
1900.0,Donation,434
1900.0,Exchange,2
1900.0,Purchase,505
1900.0,Transfer,13
1900.0,Treasure Trove,2
1900.0,,66
1901.0,Bequest,87
1901.0,Donation,386
1901.0,Exchange,9
1901.0,Purchase,868
1901.0,Transfer,1
1901.0,,28
1902.0,Bequest,158
1902.0,Donation,475
1902.0,Exchange,2
1902.0,Purchase,289
1902.0,Transfer,7
1902.0,Treasure Trove,26
1902.0,,57
1903.0,Bequest,40
1903.0,Donation,331
1903.0,Purchase,144
1903.0,Transfer,2
1903.0,,56
1904.0,Bequest,44
1904.0,Donation,387
1904.0,Exchange,5
1904.0,Purchase,262
1904.0,Transfer,3
1904.0,,56
1905.0,Bequest,1
1905.0,Donation,520
1905.0,Purchase,522
1905.0,Transfer,2
1905.0,Treasure Trove,2
1905.0,,112
1906.0,Bequest,20
1906.0,Donation,971
1906.0,Purchase,519
1906.0,Transfer,3
1906.0,Treasure Trove,1
1906.0,,63
1907.0,Bequest,1
1907.0,Donation,637
1907.0,Exchange,2
1907.0,Purchase,476
1907.0,Transfer,6
1907.0,Treasure Trove,1
1907.0,,250
1908.0,Donation,463
1908.0,Exchange,3
1908.0,Purchase,427
1908.0,Transfer,2
1908.0,Treasure Trove,1
1908.0,,43
1909.0,Donation,1135
1909.0,Exchange,9
1909.0,Purchase,437
1909.0,Transfer,2
1909.0,Treasure Trove,1
1909.0,,106
1910.0,Bequest,15
1910.0,Donation,531
1910.0,Exchange,5
1910.0,Purchase,577
1910.0,Transfer,2
1910.0,,58
1911.0,Bequest,1
1911.0,Donation,392
1911.0,Purchase,253
1911.0,Transfer,3
1911.0,Treasure Trove,9
1911.0,,112
1912.0,Bequest,2
1912.0,Donation,444
1912.0,Exchange,4
1912.0,Purchase,309
1912.0,Transfer,15
1912.0,Treasure Trove,1
1912.0,,171
1913.0,Bequest,69
1913.0,Donation,774
1913.0,Exchange,3
1913.0,Purchase,548
1913.0,Transfer,3
1913.0,,135
1914.0,Bequest,25
1914.0,Donation,328
1914.0,Exchange,11
1914.0,Purchase,325
1914.0,Transfer,44
1914.0,Treasure Trove,1
1914.0,,132
1915.0,Bequest,10
1915.0,Donation,372
1915.0,Exchange,1
1915.0,Purchase,148
1915.0,Transfer,242
1915.0,,99
1916.0,Bequest,13
1916.0,Donation,263
1916.0,Purchase,3
1916.0,Transfer,3
1916.0,,26
1917.0,Bequest,7
1917.0,Donation,182
1917.0,Purchase,4
1917.0,,383
1918.0,Bequest,2
1918.0,Donation,148
1918.0,Exchange,2
1918.0,Purchase,13
1918.0,Transfer,4
1918.0,,50
1919.0,Bequest,799
1919.0,Donation,452
1919.0,Purchase,248
1919.0,Transfer,1
1919.0,,417
1920.0,Bequest,30
1920.0,Donation,501
1920.0,Exchange,2
1920.0,Purchase,264
1920.0,Transfer,81
1920.0,,148
1921.0,Bequest,4
1921.0,Donation,559
1921.0,Exchange,2
1921.0,Purchase,318
1921.0,Transfer,3
1921.0,Treasure Trove,1
1921.0,,254
1922.0,Bequest,6
1922.0,Division of Finds,2
1922.0,Donation,500
1922.0,Exchange,7
1922.0,Purchase,330
1922.0,Transfer,11
1922.0,,310
1923.0,Bequest,49
1923.0,Donation,476
1923.0,Exchange,12
1923.0,Purchase,317
1923.0,Transfer,14
1923.0,,111
1924.0,Bequest,5
1924.0,Division of Finds,99
1924.0,Donation,743
1924.0,Exchange,8
1924.0,Purchase,203
1924.0,Transfer,2
1924.0,,125
1925.0,Bequest,18
1925.0,Donation,497
1925.0,Exchange,4
1925.0,Purchase,413
1925.0,Transfer,40
1925.0,,99
1926.0,Bequest,35
1926.0,Donation,603
1926.0,Exchange,2
1926.0,Purchase,292
1926.0,Transfer,5
1926.0,Treasure Trove,2
1926.0,,111
1927.0,Bequest,208
1927.0,Division of Finds,151
1927.0,Donation,559
1927.0,Exchange,18
1927.0,Purchase,187
1927.0,Transfer,1
1927.0,,123
1928.0,Bequest,50
1928.0,Division of Finds,223
1928.0,Donation,502
1928.0,Exchange,18
1928.0,Purchase,342
1928.0,Transfer,1
1928.0,Treasure Trove,1
1928.0,,218
1929.0,Bequest,9
1929.0,Division of Finds,110
1929.0,Donation,383
1929.0,Purchase,214
1929.0,Transfer,9
1929.0,,295
1930.0,Bequest,22
1930.0,Division of Finds,86
1930.0,Donation,559
1930.0,Exchange,1
1930.0,Purchase,243
1930.0,Transfer,6
1930.0,Treasure Trove,2
1930.0,,246
1931.0,Bequest,22
1931.0,Division of Finds,74
1931.0,Donation,550
1931.0,Exchange,1
1931.0,Purchase,523
1931.0,Transfer,8
1931.0,,125
1932.0,Bequest,10
1932.0,Division of Finds,32
1932.0,Donation,495
1932.0,Exchange,2
1932.0,Purchase,64
1932.0,Transfer,164
1932.0,Treasure Trove,2
1932.0,,347
1933.0,Bequest,93
1933.0,Division of Finds,39
1933.0,Donation,630
1933.0,Exchange,1
1933.0,Purchase,61
1933.0,Transfer,22
1933.0,Treasure Trove,7
1933.0,,163
1934.0,Bequest,7
1934.0,Division of Finds,1
1934.0,Donation,814
1934.0,Purchase,53
1934.0,Transfer,3
1934.0,,139
1935.0,Bequest,74
1935.0,Division of Finds,103
1935.0,Donation,742
1935.0,Exchange,1
1935.0,Purchase,128
1935.0,Transfer,183
1935.0,,171
1936.0,Bequest,26
1936.0,Donation,615
1936.0,Exchange,5
1936.0,Purchase,435
1936.0,Transfer,38
1936.0,Treasure Trove,1
1936.0,,152
1937.0,Bequest,47
1937.0,Division of Finds,197
1937.0,Donation,552
1937.0,Exchange,4
1937.0,Purchase,420
1937.0,Transfer,85
1937.0,Treasure Trove,5
1937.0,,130
1938.0,Bequest,37
1938.0,Division of Finds,66
1938.0,Donation,544
1938.0,Exchange,16
1938.0,Purchase,425
1938.0,Transfer,34
1938.0,,121
1939.0,Bequest,87
1939.0,Division of Finds,48
1939.0,Donation,545
1939.0,Exchange,28
1939.0,Purchase,236
1939.0,Transfer,37
1939.0,Treasure Trove,1
1939.0,,75
1940.0,Bequest,47
1940.0,Division of Finds,1
1940.0,Donation,341
1940.0,Purchase,122
1940.0,Transfer,58
1940.0,,112
1941.0,Bequest,23
1941.0,Donation,132
1941.0,Purchase,38
1941.0,,13
1942.0,Bequest,21
1942.0,Donation,89
1942.0,Purchase,44
1942.0,,26
1943.0,Bequest,27
1943.0,Donation,132
1943.0,Exchange,1
1943.0,Purchase,104
1943.0,,57
1944.0,Bequest,3
1944.0,Donation,804
1944.0,Purchase,27
1944.0,,79
1945.0,Bequest,187
1945.0,Donation,119
1945.0,Purchase,48
1945.0,,11
1946.0,Bequest,107
1946.0,Division of Finds,1
1946.0,Donation,301
1946.0,Purchase,250
1946.0,Transfer,4
1946.0,Treasure Trove,3
1946.0,,79
1947.0,Bequest,250
1947.0,Division of Finds,599
1947.0,Donation,329
1947.0,Exchange,6
1947.0,Purchase,295
1947.0,Transfer,33
1947.0,,75
1948.0,Bequest,224
1948.0,Division of Finds,8
1948.0,Donation,305
1948.0,Exchange,33
1948.0,Purchase,343
1948.0,Transfer,8
1948.0,,48
1949.0,Bequest,99
1949.0,Donation,199
1949.0,Exchange,22
1949.0,Purchase,465
1949.0,Transfer,1
1949.0,,37
1950.0,Bequest,5
1950.0,Donation,389
1950.0,Purchase,279
1950.0,Transfer,30
1950.0,,60
1951.0,Bequest,39
1951.0,Division of Finds,1
1951.0,Donation,170
1951.0,Exchange,12
1951.0,Purchase,331
1951.0,Transfer,2
1951.0,Treasure Trove,2
1951.0,,93
1952.0,Bequest,2
1952.0,Donation,248
1952.0,Purchase,241
1952.0,Transfer,5
1952.0,,64
1953.0,Bequest,33
1953.0,Division of Finds,30
1953.0,Donation,231
1953.0,Purchase,122
1953.0,Transfer,11
1953.0,,85
1954.0,Bequest,7
1954.0,Division of Finds,8
1954.0,Donation,2112
1954.0,Purchase,108
1954.0,Transfer,2
1954.0,,156
1955.0,Bequest,2
1955.0,Division of Finds,1
1955.0,Donation,156
1955.0,Exchange,11
1955.0,Purchase,89
1955.0,Transfer,5
1955.0,,100
1956.0,Bequest,16
1956.0,Donation,259
1956.0,Purchase,155
1956.0,Transfer,10
1956.0,,64
1957.0,Bequest,4
1957.0,Donation,230
1957.0,Purchase,106
1957.0,Transfer,4
1957.0,,83
1958.0,Bequest,560
1958.0,Division of Finds,10
1958.0,Donation,763
1958.0,Purchase,514
1958.0,Transfer,3
1958.0,,237
1959.0,Bequest,49
1959.0,Division of Finds,1
1959.0,Donation,247
1959.0,Exchange,14
1959.0,Purchase,155
1959.0,Treasure Trove,3
1959.0,,69
1960.0,Bequest,375
1960.0,Donation,385
1960.0,Purchase,85
1960.0,Transfer,208
1960.0,,87
1961.0,Bequest,67
1961.0,Division of Finds,2
1961.0,Donation,167
1961.0,Exchange,4
1961.0,Purchase,99
1961.0,Transfer,1
1961.0,Treasure Trove,4
1961.0,,25
1962.0,Bequest,14
1962.0,Division of Finds,5
1962.0,Donation,269
1962.0,Purchase,86
1962.0,Transfer,3
1962.0,Treasure Trove,1
1962.0,,47
1963.0,Bequest,25
1963.0,Division of Finds,6
1963.0,Donation,109
1963.0,Exchange,15
1963.0,Purchase,257
1963.0,,74
1964.0,Bequest,224
1964.0,Donation,551
1964.0,Exchange,32
1964.0,Purchase,98
1964.0,,228
1965.0,Bequest,14
1965.0,Donation,217
1965.0,Exchange,3
1965.0,Purchase,111
1965.0,Transfer,97
1965.0,Treasure Trove,1
1965.0,,23
1966.0,Bequest,3
1966.0,Division of Finds,3
1966.0,Donation,99
1966.0,Exchange,2
1966.0,Purchase,342
1966.0,Treasure Trove,17
1966.0,,19
1967.0,Bequest,5
1967.0,Donation,144
1967.0,Purchase,118
1967.0,Transfer,4
1967.0,Treasure Trove,5
1967.0,,42
1968.0,Bequest,19
1968.0,Donation,505
1968.0,Purchase,228
1968.0,Transfer,1
1968.0,Treasure Trove,19
1968.0,,98
1969.0,Bequest,30
1969.0,Donation,232
1969.0,Exchange,3
1969.0,Purchase,267
1969.0,Transfer,7
1969.0,Treasure Trove,8
1969.0,,61
1970.0,Bequest,6
1970.0,Donation,467
1970.0,Exchange,2
1970.0,Purchase,217
1970.0,Transfer,1
1970.0,Treasure Trove,49
1970.0,,151
1971.0,Bequest,24
1971.0,Donation,402
1971.0,Exchange,1
1971.0,Purchase,298
1971.0,Transfer,1
1971.0,Treasure Trove,1
1971.0,,238
1972.0,Bequest,152
1972.0,Donation,178
1972.0,Purchase,528
1972.0,Transfer,11
1972.0,,634
1973.0,Bequest,131
1973.0,Donation,146
1973.0,Exchange,7
1973.0,Purchase,420
1973.0,Transfer,64
1973.0,Treasure Trove,3
1973.0,,246
1974.0,Bequest,4
1974.0,Donation,222
1974.0,Exchange,470
1974.0,Purchase,193
1974.0,Transfer,74
1974.0,,305
1975.0,Bequest,1
1975.0,Donation,263
1975.0,Exchange,2
1975.0,Purchase,111
1975.0,Transfer,5
1975.0,Treasure Trove,9
1975.0,,165
1976.0,Bequest,5
1976.0,Donation,294
1976.0,Exchange,5
1976.0,Purchase,152
1976.0,Treasure Trove,13
1976.0,,205
1977.0,Division of Finds,1
1977.0,Donation,146
1977.0,Exchange,1
1977.0,Purchase,277
1977.0,Transfer,3
1977.0,Treasure Trove,1
1977.0,,174
1978.0,Bequest,20
1978.0,Donation,386
1978.0,Purchase,348
1978.0,Transfer,25
1978.0,Treasure Trove,1
1978.0,,961
1979.0,Bequest,7
1979.0,Division of Finds,13
1979.0,Donation,315
1979.0,Purchase,790
1979.0,Transfer,84
1979.0,,1120
1980.0,Bequest,80
1980.0,Donation,306
1980.0,Exchange,6
1980.0,Purchase,1165
1980.0,Transfer,51
1980.0,Treasure Trove,4
1980.0,,831
1981.0,Bequest,147
1981.0,Division of Finds,1
1981.0,Donation,766
1981.0,Exchange,3
1981.0,Purchase,932
1981.0,Transfer,15
1981.0,Treasure Trove,6
1981.0,,781
1982.0,Bequest,3
1982.0,Donation,451
1982.0,Purchase,698
1982.0,Transfer,82
1982.0,,566
1983.0,Bequest,107
1983.0,Division of Finds,1
1983.0,Donation,290
1983.0,Exchange,6
1983.0,Purchase,642
1983.0,Transfer,6
1983.0,Treasure Trove,9
1983.0,,560
1984.0,Bequest,154
1984.0,Division of Finds,41
1984.0,Donation,347
1984.0,Exchange,2
1984.0,Purchase,852
1984.0,Treasure Trove,1
1984.0,,401
1985.0,Bequest,18
1985.0,Donation,1227
1985.0,Exchange,1
1985.0,Purchase,369
1985.0,Transfer,1
1985.0,Treasure Trove,30
1985.0,,275
1986.0,Bequest,3
1986.0,Division of Finds,2
1986.0,Donation,304
1986.0,Purchase,772
1986.0,Treasure Trove,14
1986.0,,564
1987.0,Bequest,15
1987.0,Division of Finds,35
1987.0,Donation,254
1987.0,Exchange,1
1987.0,Purchase,620
1987.0,,513
1988.0,Division of Finds,1
1988.0,Donation,328
1988.0,Purchase,570
1988.0,Treasure Trove,3
1988.0,,404
1989.0,Bequest,3
1989.0,Division of Finds,327
1989.0,Donation,1052
1989.0,Purchase,508
1989.0,Transfer,67
1989.0,Treasure Trove,4
1989.0,,361
1990.0,Bequest,17
1990.0,Division of Finds,1
1990.0,Donation,444
1990.0,Purchase,275
1990.0,Treasure Trove,1
1990.0,,333
1991.0,Bequest,8
1991.0,Division of Finds,22
1991.0,Donation,371
1991.0,Purchase,401
1991.0,Transfer,12
1991.0,Treasure Trove,15
1991.0,,279
1992.0,Bequest,5
1992.0,Division of Finds,103
1992.0,Donation,481
1992.0,Purchase,719
1992.0,Treasure Trove,5
1992.0,,203
1993.0,Bequest,61
1993.0,Division of Finds,11
1993.0,Donation,379
1993.0,Purchase,530
1993.0,Transfer,16
1993.0,Treasure Trove,28
1993.0,,272
1994.0,Bequest,16
1994.0,Division of Finds,7
1994.0,Donation,421
1994.0,Exchange,1
1994.0,Purchase,400
1994.0,Transfer,7
1994.0,Treasure Trove,37
1994.0,,270
1995.0,Bequest,13
1995.0,Division of Finds,1
1995.0,Donation,1006
1995.0,Purchase,272
1995.0,Transfer,5
1995.0,Treasure Trove,1
1995.0,,72
1996.0,Bequest,4
1996.0,Division of Finds,1
1996.0,Donation,390
1996.0,Purchase,336
1996.0,Transfer,12
1996.0,Treasure Trove,15
1996.0,,78
1997.0,Bequest,54
1997.0,Division of Finds,2
1997.0,Donation,465
1997.0,Purchase,313
1997.0,Transfer,7
1997.0,Treasure Trove,1
1997.0,,468
1998.0,Bequest,33
1998.0,Division of Finds,29
1998.0,Donation,367
1998.0,Purchase,600
1998.0,Treasure Trove,27
1998.0,,145
1999.0,Bequest,2
1999.0,Division of Finds,1
1999.0,Donation,164
1999.0,Purchase,256
1999.0,Transfer,38
1999.0,Treasure Trove,3
1999.0,,53
2000.0,Bequest,2
2000.0,Donation,348
2000.0,Purchase,170
2000.0,,95
2001.0,Bequest,4
2001.0,Donation,271
2001.0,Purchase,271
2001.0,,228
2002.0,Bequest,40
2002.0,Division of Finds,2
2002.0,Donation,257
2002.0,Exchange,2
2002.0,Purchase,140
2002.0,,71
2003.0,Bequest,18
2003.0,Division of Finds,1
2003.0,Donation,269
2003.0,Purchase,207
2003.0,,82
2004.0,Bequest,51
2004.0,Division of Finds,34
2004.0,Donation,244
2004.0,Purchase,120
2004.0,Transfer,2
2004.0,,47
2005.0,Bequest,8
2005.0,Division of Finds,1
2005.0,Donation,1003
2005.0,Purchase,175
2005.0,Transfer,2
2005.0,,320
2006.0,Bequest,40
2006.0,Donation,379
2006.0,Purchase,179
2006.0,Transfer,14
2006.0,,589
2007.0,Bequest,154
2007.0,Division of Finds,1
2007.0,Donation,161
2007.0,Purchase,232
2007.0,,309
2008.0,Division of Finds,9
2008.0,Donation,1330
2008.0,Purchase,274
2008.0,,54
2009.0,Bequest,30
2009.0,Division of Finds,1
2009.0,Donation,1272
2009.0,Purchase,320
2009.0,Treasure Trove,10
2009.0,,146
2010.0,Bequest,3
2010.0,Division of Finds,116
2010.0,Donation,419
2010.0,Purchase,202
2010.0,,51
2011.0,Bequest,52
2011.0,Donation,530
2011.0,Purchase,185
2011.0,Transfer,1
2011.0,,353
2012.0,Bequest,15
2012.0,Donation,546
2012.0,Purchase,207
2012.0,,131
2013.0,Bequest,236
2013.0,Donation,570
2013.0,Purchase,204
2013.0,Transfer,21
2013.0,,93
2014.0,Bequest,9
2014.0,Donation,672
2014.0,Purchase,204
2014.0,,185
2015.0,Bequest,17
2015.0,Donation,413
2015.0,Purchase,381
2015.0,,44
2016.0,Bequest,3
2016.0,Donation,366
2016.0,Purchase,144
2016.0,Transfer,20
2016.0,,184
2017.0,Bequest,1
2017.0,Division of Finds,3
2017.0,Donation,210
2017.0,Purchase,95
2017.0,,131
2018.0,Bequest,27
2018.0,Division of Finds,1
2018.0,Donation,344
2018.0,Purchase,63
2018.0,Transfer,1
2018.0,,84
2019.0,Division of Finds,1
2019.0,Donation,197
2019.0,Purchase,68
2019.0,,27
2020.0,Donation,61
2020.0,Purchase,21
2020.0,Transfer,2
2020.0,,53
2021.0,Bequest,5
2021.0,Donation,48
2021.0,Purchase,48
2021.0,Transfer,1
2021.0,,65
2022.0,Bequest,106
2022.0,Donation,61
2022.0,Purchase,23
2022.0,,52
2023.0,Donation,45
2023.0,Purchase,7
2023.0,,13
