LAD code,LAD name,subject,count
E06000010,"Kingston upon Hull, City of",Archaeology ,1.0
E06000011,East Riding of Yorkshire,Archaeology ,1.0
E06000014,York,Archaeology ,3.0
E06000016,Leicester,Archaeology ,1.0
E06000018,Nottingham,Archaeology ,1.0
E06000022,Bath and North East Somerset,Archaeology ,1.0
E06000031,Peterborough,Archaeology ,1.0
E06000040,Windsor and Maidenhead,Archaeology ,1.0
E06000041,Wokingham,Archaeology ,1.0
E06000046,Isle of Wight,Archaeology ,3.0
E06000047,County Durham,Archaeology ,1.0
E06000050,Cheshire West and Chester,Archaeology ,1.0
E06000051,Shropshire,Archaeology ,1.0
E06000054,Wiltshire,Archaeology ,3.0
E06000056,Central Bedfordshire,Archaeology ,1.0
E06000057,Northumberland,Archaeology ,6.0
E06000061,North Northamptonshire,Archaeology ,1.0
E06000062,West Northamptonshire,Archaeology ,1.0
E07000008,Cambridge,Archaeology ,2.0
E07000012,South Cambridgeshire,Archaeology ,1.0
E07000026,Allerdale,Archaeology ,1.0
E07000028,Carlisle,Archaeology ,1.0
E07000033,Bolsover,Archaeology ,1.0
E07000071,Colchester,Archaeology ,1.0
E07000079,Cotswold,Archaeology ,2.0
E07000080,Forest of Dean,Archaeology ,1.0
E07000085,East Hampshire,Archaeology ,1.0
E07000091,New Forest,Archaeology ,1.0
E07000093,Test Valley,Archaeology ,1.0
E07000106,Canterbury,Archaeology ,1.0
E07000108,Dover,Archaeology ,1.0
E07000111,Sevenoaks,Archaeology ,1.0
E07000124,Ribble Valley,Archaeology ,2.0
E07000130,Charnwood,Archaeology ,1.0
E07000165,Harrogate,Archaeology ,1.0
E07000167,Ryedale,Archaeology ,1.0
E07000187,Mendip,Archaeology ,2.0
E07000188,Sedgemoor,Archaeology ,1.0
E07000194,Lichfield,Archaeology ,1.0
E07000214,Surrey Heath,Archaeology ,1.0
E07000221,Stratford-on-Avon,Archaeology ,1.0
E07000222,Warwick,Archaeology ,1.0
E07000225,Chichester,Archaeology ,2.0
E07000236,Redditch,Archaeology ,1.0
E07000240,St Albans,Archaeology ,1.0
E07000241,Welwyn Hatfield,Archaeology ,1.0
E07000244,East Suffolk,Archaeology ,1.0
E07000245,West Suffolk,Archaeology ,1.0
E08000012,Liverpool,Archaeology ,1.0
E08000015,Wirral,Archaeology ,1.0
E08000022,North Tyneside,Archaeology ,1.0
E08000023,South Tyneside,Archaeology ,1.0
E09000001,City of London,Archaeology ,1.0
E09000006,Bromley,Archaeology ,1.0
E09000007,Camden,Archaeology ,1.0
L99999999,Channel Islands,Archaeology ,1.0
N09000002,"Armagh City, Banbridge and Craigavon",Archaeology ,1.0
S12000013,Na h-Eileanan Siar,Archaeology ,2.0
S12000017,Highland,Archaeology ,4.0
S12000023,Orkney Islands,Archaeology ,2.0
S12000026,Scottish Borders,Archaeology ,2.0
S12000027,Shetland Islands,Archaeology ,1.0
S12000035,Argyll and Bute,Archaeology ,1.0
S12000041,Angus,Archaeology ,1.0
S12000047,Fife,Archaeology ,1.0
S12000048,Perth and Kinross,Archaeology ,1.0
W06000011,Swansea,Archaeology ,1.0
W06000012,Neath Port Talbot,Archaeology ,1.0
W06000022,Newport,Archaeology ,1.0
E06000001,Hartlepool,Arts ,1.0
E06000002,Middlesbrough,Arts ,1.0
E06000009,Blackpool,Arts ,1.0
E06000010,"Kingston upon Hull, City of",Arts ,2.0
E06000011,East Riding of Yorkshire,Arts ,1.0
E06000014,York,Arts ,1.0
E06000015,Derby,Arts ,1.0
E06000019,"Herefordshire, County of",Arts ,1.0
E06000020,Telford and Wrekin,Arts ,2.0
E06000021,Stoke-on-Trent,Arts ,3.0
E06000022,Bath and North East Somerset,Arts ,4.0
E06000023,"Bristol, City of",Arts ,2.0
E06000027,Torbay,Arts ,1.0
E06000033,Southend-on-Sea,Arts ,1.0
E06000037,West Berkshire,Arts ,1.0
E06000040,Windsor and Maidenhead,Arts ,1.0
E06000042,Milton Keynes,Arts ,1.0
E06000045,Southampton,Arts ,1.0
E06000046,Isle of Wight,Arts ,2.0
E06000047,County Durham,Arts ,3.0
E06000051,Shropshire,Arts ,1.0
E06000052,Cornwall,Arts ,4.0
E06000054,Wiltshire,Arts ,3.0
E06000057,Northumberland,Arts ,1.0
E06000061,North Northamptonshire,Arts ,1.0
E07000008,Cambridge,Arts ,2.0
E07000009,East Cambridgeshire,Arts ,1.0
E07000028,Carlisle,Arts ,1.0
E07000031,South Lakeland,Arts ,2.0
E07000032,Amber Valley,Arts ,1.0
E07000035,Derbyshire Dales,Arts ,2.0
E07000044,South Hams,Arts ,1.0
E07000045,Teignbridge,Arts ,1.0
E07000061,Eastbourne,Arts ,1.0
E07000062,Hastings,Arts ,2.0
E07000063,Lewes,Arts ,1.0
E07000064,Rother,Arts ,1.0
E07000065,Wealden,Arts ,1.0
E07000067,Braintree,Arts ,1.0
E07000071,Colchester,Arts ,1.0
E07000072,Epping Forest,Arts ,1.0
E07000073,Harlow,Arts ,1.0
E07000077,Uttlesford,Arts ,1.0
E07000079,Cotswold,Arts ,2.0
E07000083,Tewkesbury,Arts ,1.0
E07000085,East Hampshire,Arts ,2.0
E07000088,Gosport,Arts ,1.0
E07000106,Canterbury,Arts ,1.0
E07000110,Maidstone,Arts ,1.0
E07000117,Burnley,Arts ,1.0
E07000119,Fylde,Arts ,1.0
E07000120,Hyndburn,Arts ,1.0
E07000121,Lancaster,Arts ,1.0
E07000138,Lincoln,Arts ,1.0
E07000142,West Lindsey,Arts ,1.0
E07000147,North Norfolk,Arts ,1.0
E07000148,Norwich,Arts ,3.0
E07000165,Harrogate,Arts ,1.0
E07000166,Richmondshire,Arts ,1.0
E07000168,Scarborough,Arts ,2.0
E07000171,Bassetlaw,Arts ,1.0
E07000178,Oxford,Arts ,5.0
E07000195,Newcastle-under-Lyme,Arts ,2.0
E07000196,South Staffordshire,Arts ,1.0
E07000198,Staffordshire Moorlands,Arts ,1.0
E07000203,Mid Suffolk,Arts ,1.0
E07000209,Guildford,Arts ,2.0
E07000216,Waverley,Arts ,1.0
E07000221,Stratford-on-Avon,Arts ,2.0
E07000225,Chichester,Arts ,1.0
E07000237,Worcester,Arts ,1.0
E07000238,Wychavon,Arts ,1.0
E07000240,St Albans,Arts ,1.0
E08000002,Bury,Arts ,1.0
E08000003,Manchester,Arts ,3.0
E08000006,Salford,Arts ,2.0
E08000008,Tameside,Arts ,2.0
E08000010,Wigan,Arts ,1.0
E08000012,Liverpool,Arts ,6.0
E08000014,Sefton,Arts ,1.0
E08000015,Wirral,Arts ,2.0
E08000016,Barnsley,Arts ,2.0
E08000019,Sheffield,Arts ,3.0
E08000021,Newcastle upon Tyne,Arts ,3.0
E08000025,Birmingham,Arts ,2.0
E08000026,Coventry,Arts ,3.0
E08000027,Dudley,Arts ,1.0
E08000030,Walsall,Arts ,1.0
E08000031,Wolverhampton,Arts ,2.0
E08000032,Bradford,Arts ,2.0
E08000033,Calderdale,Arts ,1.0
E08000034,Kirklees,Arts ,1.0
E08000035,Leeds,Arts ,5.0
E08000036,Wakefield,Arts ,2.0
E08000037,Gateshead,Arts ,1.0
E09000001,City of London,Arts ,1.0
E09000003,Barnet,Arts ,1.0
E09000007,Camden,Arts ,7.0
E09000009,Ealing,Arts ,1.0
E09000011,Greenwich,Arts ,2.0
E09000012,Hackney,Arts ,1.0
E09000018,Hounslow,Arts ,1.0
E09000019,Islington,Arts ,1.0
E09000020,Kensington and Chelsea,Arts ,3.0
E09000021,Kingston upon Thames,Arts ,1.0
E09000022,Lambeth,Arts ,2.0
E09000027,Richmond upon Thames,Arts ,2.0
E09000028,Southwark,Arts ,7.0
E09000033,Westminster,Arts ,11.0
L99999999,Channel Islands,Arts ,1.0
N09000002,"Armagh City, Banbridge and Craigavon",Arts ,1.0
N09000003,Belfast,Arts ,2.0
N09000006,Fermanagh and Omagh,Arts ,2.0
S12000006,Dumfries and Galloway,Arts ,4.0
S12000023,Orkney Islands,Arts ,1.0
S12000026,Scottish Borders,Arts ,1.0
S12000028,South Ayrshire,Arts ,2.0
S12000030,Stirling,Arts ,1.0
S12000033,Aberdeen City,Arts ,1.0
S12000036,City of Edinburgh,Arts ,13.0
S12000042,Dundee City,Arts ,1.0
S12000045,East Dunbartonshire,Arts ,1.0
S12000047,Fife,Arts ,1.0
S12000049,Glasgow City,Arts ,5.0
W06000001,Isle of Anglesey,Arts ,1.0
W06000002,Gwynedd,Arts ,2.0
W06000003,Conwy,Arts ,1.0
W06000006,Wrexham,Arts ,1.0
W06000008,Ceredigion,Arts ,4.0
W06000009,Pembrokeshire,Arts ,1.0
W06000011,Swansea,Arts ,1.0
W06000014,Vale of Glamorgan,Arts ,1.0
W06000016,Rhondda Cynon Taf,Arts ,1.0
W06000023,Powys,Arts ,3.0
E06000006,Halton,Belief and identity ,1.0
E06000007,Warrington,Belief and identity ,2.0
E06000014,York,Belief and identity ,2.0
E06000015,Derby,Belief and identity ,1.0
E06000016,Leicester,Belief and identity ,1.0
E06000019,"Herefordshire, County of",Belief and identity ,1.0
E06000022,Bath and North East Somerset,Belief and identity ,1.0
E06000023,"Bristol, City of",Belief and identity ,1.0
E06000033,Southend-on-Sea,Belief and identity ,1.0
E06000035,Medway,Belief and identity ,1.0
E06000041,Wokingham,Belief and identity ,1.0
E06000044,Portsmouth,Belief and identity ,1.0
E06000047,County Durham,Belief and identity ,2.0
E06000049,Cheshire East,Belief and identity ,1.0
E06000052,Cornwall,Belief and identity ,1.0
E06000055,Bedford,Belief and identity ,1.0
E06000057,Northumberland,Belief and identity ,1.0
E06000059,Dorset,Belief and identity ,1.0
E07000008,Cambridge,Belief and identity ,1.0
E07000027,Barrow-in-Furness,Belief and identity ,1.0
E07000028,Carlisle,Belief and identity ,1.0
E07000031,South Lakeland,Belief and identity ,1.0
E07000083,Tewkesbury,Belief and identity ,1.0
E07000091,New Forest,Belief and identity ,1.0
E07000094,Winchester,Belief and identity ,1.0
E07000106,Canterbury,Belief and identity ,2.0
E07000110,Maidstone,Belief and identity ,1.0
E07000122,Pendle,Belief and identity ,1.0
E07000138,Lincoln,Belief and identity ,1.0
E07000140,South Holland,Belief and identity ,1.0
E07000147,North Norfolk,Belief and identity ,2.0
E07000148,Norwich,Belief and identity ,1.0
E07000149,South Norfolk,Belief and identity ,1.0
E07000167,Ryedale,Belief and identity ,2.0
E07000168,Scarborough,Belief and identity ,1.0
E07000187,Mendip,Belief and identity ,2.0
E07000198,Staffordshire Moorlands,Belief and identity ,1.0
E07000209,Guildford,Belief and identity ,1.0
E07000225,Chichester,Belief and identity ,1.0
E07000237,Worcester,Belief and identity ,1.0
E08000003,Manchester,Belief and identity ,3.0
E08000012,Liverpool,Belief and identity ,1.0
E08000034,Kirklees,Belief and identity ,1.0
E08000035,Leeds,Belief and identity ,2.0
E09000001,City of London,Belief and identity ,1.0
E09000007,Camden,Belief and identity ,2.0
E09000013,Hammersmith and Fulham,Belief and identity ,2.0
E09000019,Islington,Belief and identity ,3.0
E09000028,Southwark,Belief and identity ,1.0
E09000030,Tower Hamlets,Belief and identity ,1.0
E09000033,Westminster,Belief and identity ,4.0
M99999999,Isle of Man,Belief and identity ,1.0
N09000002,"Armagh City, Banbridge and Craigavon",Belief and identity ,1.0
N09000003,Belfast,Belief and identity ,1.0
N09000005,Derry City and Strabane,Belief and identity ,1.0
N09000011,Ards and North Down,Belief and identity ,1.0
S12000006,Dumfries and Galloway,Belief and identity ,2.0
S12000008,East Ayrshire,Belief and identity ,1.0
S12000017,Highland,Belief and identity ,4.0
S12000020,Moray,Belief and identity ,1.0
S12000026,Scottish Borders,Belief and identity ,1.0
S12000034,Aberdeenshire,Belief and identity ,1.0
S12000035,Argyll and Bute,Belief and identity ,3.0
S12000036,City of Edinburgh,Belief and identity ,1.0
S12000041,Angus,Belief and identity ,1.0
S12000047,Fife,Belief and identity ,1.0
S12000048,Perth and Kinross,Belief and identity ,3.0
S12000049,Glasgow City,Belief and identity ,2.0
W06000002,Gwynedd,Belief and identity ,1.0
W06000004,Denbighshire,Belief and identity ,1.0
W06000005,Flintshire,Belief and identity ,1.0
W06000009,Pembrokeshire,Belief and identity ,1.0
W06000021,Monmouthshire,Belief and identity ,1.0
E06000003,Redcar and Cleveland,Buildings ,1.0
E06000008,Blackburn with Darwen,Buildings ,2.0
E06000011,East Riding of Yorkshire,Buildings ,4.0
E06000013,North Lincolnshire,Buildings ,3.0
E06000014,York,Buildings ,4.0
E06000015,Derby,Buildings ,2.0
E06000016,Leicester,Buildings ,2.0
E06000017,Rutland,Buildings ,1.0
E06000018,Nottingham,Buildings ,1.0
E06000019,"Herefordshire, County of",Buildings ,6.0
E06000020,Telford and Wrekin,Buildings ,2.0
E06000021,Stoke-on-Trent,Buildings ,1.0
E06000022,Bath and North East Somerset,Buildings ,1.0
E06000023,"Bristol, City of",Buildings ,3.0
E06000024,North Somerset,Buildings ,1.0
E06000025,South Gloucestershire,Buildings ,2.0
E06000026,Plymouth,Buildings ,2.0
E06000030,Swindon,Buildings ,1.0
E06000031,Peterborough,Buildings ,1.0
E06000033,Southend-on-Sea,Buildings ,2.0
E06000035,Medway,Buildings ,2.0
E06000037,West Berkshire,Buildings ,2.0
E06000042,Milton Keynes,Buildings ,1.0
E06000043,Brighton and Hove,Buildings ,3.0
E06000046,Isle of Wight,Buildings ,3.0
E06000047,County Durham,Buildings ,2.0
E06000049,Cheshire East,Buildings ,11.0
E06000051,Shropshire,Buildings ,3.0
E06000052,Cornwall,Buildings ,15.0
E06000054,Wiltshire,Buildings ,13.0
E06000055,Bedford,Buildings ,2.0
E06000056,Central Bedfordshire,Buildings ,2.0
E06000057,Northumberland,Buildings ,7.0
E06000058,"Bournemouth, Christchurch and Poole",Buildings ,2.0
E06000059,Dorset,Buildings ,12.0
E06000060,Buckinghamshire,Buildings ,9.0
E06000061,North Northamptonshire,Buildings ,4.0
E06000062,West Northamptonshire,Buildings ,5.0
E07000009,East Cambridgeshire,Buildings ,1.0
E07000010,Fenland,Buildings ,1.0
E07000011,Huntingdonshire,Buildings ,3.0
E07000012,South Cambridgeshire,Buildings ,1.0
E07000026,Allerdale,Buildings ,2.0
E07000029,Copeland,Buildings ,1.0
E07000030,Eden,Buildings ,2.0
E07000031,South Lakeland,Buildings ,6.0
E07000032,Amber Valley,Buildings ,1.0
E07000033,Bolsover,Buildings ,1.0
E07000034,Chesterfield,Buildings ,1.0
E07000035,Derbyshire Dales,Buildings ,4.0
E07000038,North East Derbyshire,Buildings ,1.0
E07000039,South Derbyshire,Buildings ,3.0
E07000040,East Devon,Buildings ,5.0
E07000041,Exeter,Buildings ,1.0
E07000042,Mid Devon,Buildings ,2.0
E07000043,North Devon,Buildings ,1.0
E07000044,South Hams,Buildings ,3.0
E07000045,Teignbridge,Buildings ,4.0
E07000046,Torridge,Buildings ,1.0
E07000047,West Devon,Buildings ,2.0
E07000063,Lewes,Buildings ,3.0
E07000064,Rother,Buildings ,1.0
E07000065,Wealden,Buildings ,5.0
E07000067,Braintree,Buildings ,2.0
E07000068,Brentwood,Buildings ,1.0
E07000070,Chelmsford,Buildings ,1.0
E07000071,Colchester,Buildings ,1.0
E07000077,Uttlesford,Buildings ,1.0
E07000079,Cotswold,Buildings ,7.0
E07000082,Stroud,Buildings ,3.0
E07000083,Tewkesbury,Buildings ,4.0
E07000084,Basingstoke and Deane,Buildings ,3.0
E07000093,Test Valley,Buildings ,3.0
E07000094,Winchester,Buildings ,2.0
E07000096,Dacorum,Buildings ,1.0
E07000099,North Hertfordshire,Buildings ,1.0
E07000105,Ashford,Buildings ,1.0
E07000109,Gravesham,Buildings ,1.0
E07000111,Sevenoaks,Buildings ,2.0
E07000113,Swale,Buildings ,1.0
E07000115,Tonbridge and Malling,Buildings ,1.0
E07000116,Tunbridge Wells,Buildings ,2.0
E07000117,Burnley,Buildings ,1.0
E07000118,Chorley,Buildings ,2.0
E07000119,Fylde,Buildings ,1.0
E07000121,Lancaster,Buildings ,3.0
E07000124,Ribble Valley,Buildings ,1.0
E07000126,South Ribble,Buildings ,1.0
E07000127,West Lancashire,Buildings ,1.0
E07000130,Charnwood,Buildings ,1.0
E07000131,Harborough,Buildings ,1.0
E07000133,Melton,Buildings ,1.0
E07000134,North West Leicestershire,Buildings ,2.0
E07000137,East Lindsey,Buildings ,1.0
E07000139,North Kesteven,Buildings ,1.0
E07000141,South Kesteven,Buildings ,2.0
E07000143,Breckland,Buildings ,1.0
E07000144,Broadland,Buildings ,1.0
E07000145,Great Yarmouth,Buildings ,4.0
E07000146,King's Lynn and West Norfolk,Buildings ,3.0
E07000147,North Norfolk,Buildings ,3.0
E07000164,Hambleton,Buildings ,4.0
E07000165,Harrogate,Buildings ,9.0
E07000167,Ryedale,Buildings ,6.0
E07000171,Bassetlaw,Buildings ,1.0
E07000173,Gedling,Buildings ,1.0
E07000175,Newark and Sherwood,Buildings ,1.0
E07000176,Rushcliffe,Buildings ,1.0
E07000177,Cherwell,Buildings ,1.0
E07000179,South Oxfordshire,Buildings ,4.0
E07000180,Vale of White Horse,Buildings ,4.0
E07000181,West Oxfordshire,Buildings ,3.0
E07000189,South Somerset,Buildings ,3.0
E07000193,East Staffordshire,Buildings ,1.0
E07000195,Newcastle-under-Lyme,Buildings ,1.0
E07000196,South Staffordshire,Buildings ,3.0
E07000197,Stafford,Buildings ,2.0
E07000198,Staffordshire Moorlands,Buildings ,2.0
E07000200,Babergh,Buildings ,4.0
E07000202,Ipswich,Buildings ,1.0
E07000209,Guildford,Buildings ,5.0
E07000210,Mole Valley,Buildings ,1.0
E07000215,Tandridge,Buildings ,1.0
E07000216,Waverley,Buildings ,1.0
E07000219,Nuneaton and Bedworth,Buildings ,1.0
E07000220,Rugby,Buildings ,1.0
E07000221,Stratford-on-Avon,Buildings ,3.0
E07000222,Warwick,Buildings ,3.0
E07000225,Chichester,Buildings ,6.0
E07000227,Horsham,Buildings ,2.0
E07000228,Mid Sussex,Buildings ,2.0
E07000234,Bromsgrove,Buildings ,1.0
E07000235,Malvern Hills,Buildings ,1.0
E07000237,Worcester,Buildings ,1.0
E07000238,Wychavon,Buildings ,1.0
E07000239,Wyre Forest,Buildings ,1.0
E07000240,St Albans,Buildings ,1.0
E07000241,Welwyn Hatfield,Buildings ,1.0
E07000243,Stevenage,Buildings ,1.0
E07000244,East Suffolk,Buildings ,2.0
E07000245,West Suffolk,Buildings ,2.0
E07000246,Somerset West and Taunton,Buildings ,2.0
E08000001,Bolton,Buildings ,2.0
E08000003,Manchester,Buildings ,3.0
E08000006,Salford,Buildings ,1.0
E08000007,Stockport,Buildings ,2.0
E08000009,Trafford,Buildings ,1.0
E08000012,Liverpool,Buildings ,3.0
E08000014,Sefton,Buildings ,1.0
E08000015,Wirral,Buildings ,1.0
E08000016,Barnsley,Buildings ,1.0
E08000017,Doncaster,Buildings ,1.0
E08000019,Sheffield,Buildings ,1.0
E08000024,Sunderland,Buildings ,1.0
E08000025,Birmingham,Buildings ,5.0
E08000028,Sandwell,Buildings ,2.0
E08000029,Solihull,Buildings ,1.0
E08000031,Wolverhampton,Buildings ,2.0
E08000032,Bradford,Buildings ,2.0
E08000033,Calderdale,Buildings ,1.0
E08000034,Kirklees,Buildings ,1.0
E08000035,Leeds,Buildings ,5.0
E08000036,Wakefield,Buildings ,1.0
E09000004,Bexley,Buildings ,1.0
E09000006,Bromley,Buildings ,1.0
E09000007,Camden,Buildings ,4.0
E09000011,Greenwich,Buildings ,3.0
E09000012,Hackney,Buildings ,1.0
E09000013,Hammersmith and Fulham,Buildings ,1.0
E09000015,Harrow,Buildings ,1.0
E09000018,Hounslow,Buildings ,5.0
E09000020,Kensington and Chelsea,Buildings ,1.0
E09000024,Merton,Buildings ,1.0
E09000027,Richmond upon Thames,Buildings ,6.0
E09000029,Sutton,Buildings ,4.0
E09000030,Tower Hamlets,Buildings ,2.0
E09000033,Westminster,Buildings ,4.0
L99999999,Channel Islands,Buildings ,1.0
M99999999,Isle of Man,Buildings ,2.0
N09000001,Antrim and Newtownabbey,Buildings ,1.0
N09000002,"Armagh City, Banbridge and Craigavon",Buildings ,3.0
N09000004,Causeway Coast and Glens,Buildings ,1.0
N09000006,Fermanagh and Omagh,Buildings ,2.0
N09000007,Lisburn and Castlereagh,Buildings ,1.0
N09000008,Mid and East Antrim,Buildings ,1.0
N09000009,Mid Ulster,Buildings ,3.0
N09000010,"Newry, Mourne and Down",Buildings ,1.0
N09000011,Ards and North Down,Buildings ,1.0
S12000006,Dumfries and Galloway,Buildings ,4.0
S12000008,East Ayrshire,Buildings ,2.0
S12000010,East Lothian,Buildings ,2.0
S12000013,Na h-Eileanan Siar,Buildings ,1.0
S12000014,Falkirk,Buildings ,1.0
S12000017,Highland,Buildings ,10.0
S12000019,Midlothian,Buildings ,1.0
S12000020,Moray,Buildings ,3.0
S12000021,North Ayrshire,Buildings ,2.0
S12000023,Orkney Islands,Buildings ,2.0
S12000026,Scottish Borders,Buildings ,8.0
S12000027,Shetland Islands,Buildings ,1.0
S12000029,South Lanarkshire,Buildings ,2.0
S12000033,Aberdeen City,Buildings ,2.0
S12000034,Aberdeenshire,Buildings ,7.0
S12000035,Argyll and Bute,Buildings ,5.0
S12000036,City of Edinburgh,Buildings ,5.0
S12000038,Renfrewshire,Buildings ,1.0
S12000040,West Lothian,Buildings ,2.0
S12000041,Angus,Buildings ,3.0
S12000047,Fife,Buildings ,3.0
S12000048,Perth and Kinross,Buildings ,4.0
S12000049,Glasgow City,Buildings ,4.0
W06000001,Isle of Anglesey,Buildings ,3.0
W06000002,Gwynedd,Buildings ,4.0
W06000003,Conwy,Buildings ,2.0
W06000004,Denbighshire,Buildings ,4.0
W06000005,Flintshire,Buildings ,1.0
W06000006,Wrexham,Buildings ,1.0
W06000008,Ceredigion,Buildings ,1.0
W06000009,Pembrokeshire,Buildings ,2.0
W06000010,Carmarthenshire,Buildings ,3.0
W06000015,Cardiff,Buildings ,1.0
W06000018,Caerphilly,Buildings ,1.0
W06000020,Torfaen,Buildings ,1.0
W06000021,Monmouthshire,Buildings ,1.0
W06000022,Newport,Buildings ,1.0
W06000023,Powys,Buildings ,4.0
E06000020,Telford and Wrekin,Communications ,1.0
E06000022,Bath and North East Somerset,Communications ,1.0
E06000052,Cornwall,Communications ,1.0
E07000067,Braintree,Communications ,1.0
E07000246,Somerset West and Taunton,Communications ,1.0
E08000032,Bradford,Communications ,1.0
E09000001,City of London,Communications ,1.0
E09000007,Camden,Communications ,1.0
E09000022,Lambeth,Communications ,1.0
E09000033,Westminster,Communications ,1.0
S12000023,Orkney Islands,Communications ,1.0
S12000047,Fife,Communications ,1.0
W06000004,Denbighshire,Communications ,1.0
E06000019,"Herefordshire, County of",Food and drink ,1.0
E06000022,Bath and North East Somerset,Food and drink ,1.0
E06000050,Cheshire West and Chester,Food and drink ,1.0
E07000029,Copeland,Food and drink ,1.0
E07000047,West Devon,Food and drink ,1.0
E07000071,Colchester,Food and drink ,1.0
E07000177,Cherwell,Food and drink ,1.0
E07000189,South Somerset,Food and drink ,1.0
E07000193,East Staffordshire,Food and drink ,1.0
E07000246,Somerset West and Taunton,Food and drink ,1.0
E09000033,Westminster,Food and drink ,1.0
S12000020,Moray,Food and drink ,2.0
W06000012,Neath Port Talbot,Food and drink ,1.0
E06000003,Redcar and Cleveland,Industry and manufacture ,1.0
E06000006,Halton,Industry and manufacture ,1.0
E06000013,North Lincolnshire,Industry and manufacture ,1.0
E06000015,Derby,Industry and manufacture ,1.0
E06000018,Nottingham,Industry and manufacture ,1.0
E06000020,Telford and Wrekin,Industry and manufacture ,3.0
E06000021,Stoke-on-Trent,Industry and manufacture ,4.0
E06000022,Bath and North East Somerset,Industry and manufacture ,2.0
E06000044,Portsmouth,Industry and manufacture ,1.0
E06000047,County Durham,Industry and manufacture ,3.0
E06000049,Cheshire East,Industry and manufacture ,6.0
E06000051,Shropshire,Industry and manufacture ,1.0
E06000052,Cornwall,Industry and manufacture ,8.0
E06000054,Wiltshire,Industry and manufacture ,1.0
E06000057,Northumberland,Industry and manufacture ,1.0
E06000058,"Bournemouth, Christchurch and Poole",Industry and manufacture ,1.0
E06000059,Dorset,Industry and manufacture ,2.0
E06000060,Buckinghamshire,Industry and manufacture ,1.0
E06000061,North Northamptonshire,Industry and manufacture ,1.0
E06000062,West Northamptonshire,Industry and manufacture ,1.0
E07000026,Allerdale,Industry and manufacture ,2.0
E07000031,South Lakeland,Industry and manufacture ,1.0
E07000032,Amber Valley,Industry and manufacture ,2.0
E07000033,Bolsover,Industry and manufacture ,1.0
E07000035,Derbyshire Dales,Industry and manufacture ,5.0
E07000039,South Derbyshire,Industry and manufacture ,1.0
E07000044,South Hams,Industry and manufacture ,1.0
E07000047,West Devon,Industry and manufacture ,1.0
E07000072,Epping Forest,Industry and manufacture ,1.0
E07000080,Forest of Dean,Industry and manufacture ,2.0
E07000082,Stroud,Industry and manufacture ,1.0
E07000084,Basingstoke and Deane,Industry and manufacture ,1.0
E07000087,Fareham,Industry and manufacture ,1.0
E07000096,Dacorum,Industry and manufacture ,1.0
E07000113,Swale,Industry and manufacture ,1.0
E07000117,Burnley,Industry and manufacture ,2.0
E07000122,Pendle,Industry and manufacture ,2.0
E07000125,Rossendale,Industry and manufacture ,2.0
E07000130,Charnwood,Industry and manufacture ,1.0
E07000134,North West Leicestershire,Industry and manufacture ,1.0
E07000143,Breckland,Industry and manufacture ,1.0
E07000145,Great Yarmouth,Industry and manufacture ,1.0
E07000146,King's Lynn and West Norfolk,Industry and manufacture ,1.0
E07000149,South Norfolk,Industry and manufacture ,1.0
E07000168,Scarborough,Industry and manufacture ,2.0
E07000175,Newark and Sherwood,Industry and manufacture ,2.0
E07000188,Sedgemoor,Industry and manufacture ,1.0
E07000189,South Somerset,Industry and manufacture ,1.0
E07000195,Newcastle-under-Lyme,Industry and manufacture ,1.0
E07000221,Stratford-on-Avon,Industry and manufacture ,1.0
E07000227,Horsham,Industry and manufacture ,1.0
E07000236,Redditch,Industry and manufacture ,1.0
E07000239,Wyre Forest,Industry and manufacture ,1.0
E07000242,East Hertfordshire,Industry and manufacture ,1.0
E07000244,East Suffolk,Industry and manufacture ,1.0
E08000001,Bolton,Industry and manufacture ,1.0
E08000005,Rochdale,Industry and manufacture ,1.0
E08000007,Stockport,Industry and manufacture ,1.0
E08000010,Wigan,Industry and manufacture ,1.0
E08000013,St. Helens,Industry and manufacture ,1.0
E08000014,Sefton,Industry and manufacture ,1.0
E08000016,Barnsley,Industry and manufacture ,2.0
E08000019,Sheffield,Industry and manufacture ,3.0
E08000024,Sunderland,Industry and manufacture ,1.0
E08000025,Birmingham,Industry and manufacture ,5.0
E08000026,Coventry,Industry and manufacture ,1.0
E08000027,Dudley,Industry and manufacture ,2.0
E08000030,Walsall,Industry and manufacture ,2.0
E08000032,Bradford,Industry and manufacture ,1.0
E08000033,Calderdale,Industry and manufacture ,1.0
E08000035,Leeds,Industry and manufacture ,2.0
E08000036,Wakefield,Industry and manufacture ,2.0
E09000014,Haringey,Industry and manufacture ,1.0
E09000022,Lambeth,Industry and manufacture ,1.0
E09000024,Merton,Industry and manufacture ,1.0
E09000028,Southwark,Industry and manufacture ,1.0
E09000032,Wandsworth,Industry and manufacture ,1.0
L99999999,Channel Islands,Industry and manufacture ,1.0
M99999999,Isle of Man,Industry and manufacture ,1.0
N09000001,Antrim and Newtownabbey,Industry and manufacture ,1.0
N09000003,Belfast,Industry and manufacture ,1.0
N09000009,Mid Ulster,Industry and manufacture ,1.0
S12000006,Dumfries and Galloway,Industry and manufacture ,1.0
S12000010,East Lothian,Industry and manufacture ,1.0
S12000019,Midlothian,Industry and manufacture ,1.0
S12000026,Scottish Borders,Industry and manufacture ,1.0
S12000029,South Lanarkshire,Industry and manufacture ,1.0
S12000038,Renfrewshire,Industry and manufacture ,1.0
S12000042,Dundee City,Industry and manufacture ,1.0
S12000050,North Lanarkshire,Industry and manufacture ,1.0
W06000001,Isle of Anglesey,Industry and manufacture ,1.0
W06000002,Gwynedd,Industry and manufacture ,1.0
W06000006,Wrexham,Industry and manufacture ,1.0
W06000008,Ceredigion,Industry and manufacture ,2.0
W06000010,Carmarthenshire,Industry and manufacture ,1.0
W06000011,Swansea,Industry and manufacture ,1.0
W06000012,Neath Port Talbot,Industry and manufacture ,2.0
W06000016,Rhondda Cynon Taf,Industry and manufacture ,2.0
W06000018,Caerphilly,Industry and manufacture ,1.0
W06000019,Blaenau Gwent,Industry and manufacture ,1.0
W06000020,Torfaen,Industry and manufacture ,2.0
W06000023,Powys,Industry and manufacture ,1.0
E06000006,Halton,Leisure and sport ,1.0
E06000009,Blackpool,Leisure and sport ,1.0
E06000016,Leicester,Leisure and sport ,1.0
E06000018,Nottingham,Leisure and sport ,1.0
E06000019,"Herefordshire, County of",Leisure and sport ,1.0
E06000042,Milton Keynes,Leisure and sport ,1.0
E06000043,Brighton and Hove,Leisure and sport ,3.0
E06000046,Isle of Wight,Leisure and sport ,1.0
E06000057,Northumberland,Leisure and sport ,2.0
E06000059,Dorset,Leisure and sport ,1.0
E06000060,Buckinghamshire,Leisure and sport ,2.0
E07000031,South Lakeland,Leisure and sport ,1.0
E07000035,Derbyshire Dales,Leisure and sport ,1.0
E07000041,Exeter,Leisure and sport ,2.0
E07000043,North Devon,Leisure and sport ,1.0
E07000047,West Devon,Leisure and sport ,1.0
E07000070,Chelmsford,Leisure and sport ,1.0
E07000077,Uttlesford,Leisure and sport ,1.0
E07000108,Dover,Leisure and sport ,1.0
E07000114,Thanet,Leisure and sport ,1.0
E07000115,Tonbridge and Malling,Leisure and sport ,1.0
E07000121,Lancaster,Leisure and sport ,1.0
E07000143,Breckland,Leisure and sport ,1.0
E07000147,North Norfolk,Leisure and sport ,1.0
E07000171,Bassetlaw,Leisure and sport ,1.0
E07000179,South Oxfordshire,Leisure and sport ,2.0
E07000189,South Somerset,Leisure and sport ,1.0
E07000194,Lichfield,Leisure and sport ,1.0
E07000209,Guildford,Leisure and sport ,1.0
E07000217,Woking,Leisure and sport ,1.0
E07000220,Rugby,Leisure and sport ,1.0
E07000221,Stratford-on-Avon,Leisure and sport ,1.0
E07000225,Chichester,Leisure and sport ,1.0
E07000235,Malvern Hills,Leisure and sport ,1.0
E07000245,West Suffolk,Leisure and sport ,1.0
E07000246,Somerset West and Taunton,Leisure and sport ,2.0
E08000003,Manchester,Leisure and sport ,1.0
E08000009,Trafford,Leisure and sport ,2.0
E08000012,Liverpool,Leisure and sport ,1.0
E08000019,Sheffield,Leisure and sport ,1.0
E08000024,Sunderland,Leisure and sport ,1.0
E08000025,Birmingham,Leisure and sport ,1.0
E08000027,Dudley,Leisure and sport ,1.0
E08000031,Wolverhampton,Leisure and sport ,1.0
E08000032,Bradford,Leisure and sport ,1.0
E08000034,Kirklees,Leisure and sport ,1.0
E08000035,Leeds,Leisure and sport ,1.0
E09000007,Camden,Leisure and sport ,2.0
E09000011,Greenwich,Leisure and sport ,1.0
E09000013,Hammersmith and Fulham,Leisure and sport ,1.0
E09000019,Islington,Leisure and sport ,1.0
E09000022,Lambeth,Leisure and sport ,1.0
E09000024,Merton,Leisure and sport ,1.0
E09000025,Newham,Leisure and sport ,1.0
E09000027,Richmond upon Thames,Leisure and sport ,1.0
E09000030,Tower Hamlets,Leisure and sport ,1.0
E09000033,Westminster,Leisure and sport ,2.0
N09000003,Belfast,Leisure and sport ,2.0
S12000006,Dumfries and Galloway,Leisure and sport ,1.0
S12000010,East Lothian,Leisure and sport ,1.0
S12000017,Highland,Leisure and sport ,1.0
S12000018,Inverclyde,Leisure and sport ,1.0
S12000026,Scottish Borders,Leisure and sport ,1.0
S12000030,Stirling,Leisure and sport ,1.0
S12000034,Aberdeenshire,Leisure and sport ,1.0
S12000036,City of Edinburgh,Leisure and sport ,1.0
S12000047,Fife,Leisure and sport ,1.0
S12000049,Glasgow City,Leisure and sport ,2.0
W06000004,Denbighshire,Leisure and sport ,1.0
W06000009,Pembrokeshire,Leisure and sport ,1.0
W06000015,Cardiff,Leisure and sport ,1.0
W06000023,Powys,Leisure and sport ,1.0
E06000003,Redcar and Cleveland,Local Histories ,3.0
E06000007,Warrington,Local Histories ,1.0
E06000008,Blackburn with Darwen,Local Histories ,1.0
E06000011,East Riding of Yorkshire,Local Histories ,6.0
E06000012,North East Lincolnshire,Local Histories ,2.0
E06000013,North Lincolnshire,Local Histories ,2.0
E06000015,Derby,Local Histories ,1.0
E06000016,Leicester,Local Histories ,1.0
E06000017,Rutland,Local Histories ,1.0
E06000018,Nottingham,Local Histories ,2.0
E06000019,"Herefordshire, County of",Local Histories ,6.0
E06000020,Telford and Wrekin,Local Histories ,1.0
E06000022,Bath and North East Somerset,Local Histories ,3.0
E06000023,"Bristol, City of",Local Histories ,1.0
E06000024,North Somerset,Local Histories ,1.0
E06000025,South Gloucestershire,Local Histories ,4.0
E06000027,Torbay,Local Histories ,2.0
E06000030,Swindon,Local Histories ,1.0
E06000031,Peterborough,Local Histories ,2.0
E06000032,Luton,Local Histories ,1.0
E06000033,Southend-on-Sea,Local Histories ,2.0
E06000034,Thurrock,Local Histories ,1.0
E06000037,West Berkshire,Local Histories ,1.0
E06000038,Reading,Local Histories ,1.0
E06000039,Slough,Local Histories ,1.0
E06000040,Windsor and Maidenhead,Local Histories ,2.0
E06000042,Milton Keynes,Local Histories ,2.0
E06000044,Portsmouth,Local Histories ,1.0
E06000045,Southampton,Local Histories ,3.0
E06000046,Isle of Wight,Local Histories ,7.0
E06000047,County Durham,Local Histories ,2.0
E06000049,Cheshire East,Local Histories ,4.0
E06000050,Cheshire West and Chester,Local Histories ,1.0
E06000051,Shropshire,Local Histories ,7.0
E06000052,Cornwall,Local Histories ,23.0
E06000053,Isles of Scilly,Local Histories ,1.0
E06000054,Wiltshire,Local Histories ,13.0
E06000056,Central Bedfordshire,Local Histories ,1.0
E06000057,Northumberland,Local Histories ,4.0
E06000058,"Bournemouth, Christchurch and Poole",Local Histories ,2.0
E06000059,Dorset,Local Histories ,16.0
E06000060,Buckinghamshire,Local Histories ,5.0
E06000061,North Northamptonshire,Local Histories ,9.0
E06000062,West Northamptonshire,Local Histories ,3.0
E07000008,Cambridge,Local Histories ,1.0
E07000009,East Cambridgeshire,Local Histories ,2.0
E07000010,Fenland,Local Histories ,4.0
E07000011,Huntingdonshire,Local Histories ,3.0
E07000026,Allerdale,Local Histories ,3.0
E07000028,Carlisle,Local Histories ,1.0
E07000029,Copeland,Local Histories ,2.0
E07000030,Eden,Local Histories ,2.0
E07000031,South Lakeland,Local Histories ,3.0
E07000032,Amber Valley,Local Histories ,1.0
E07000033,Bolsover,Local Histories ,1.0
E07000035,Derbyshire Dales,Local Histories ,4.0
E07000036,Erewash,Local Histories ,1.0
E07000037,High Peak,Local Histories ,2.0
E07000039,South Derbyshire,Local Histories ,1.0
E07000040,East Devon,Local Histories ,8.0
E07000041,Exeter,Local Histories ,1.0
E07000042,Mid Devon,Local Histories ,2.0
E07000043,North Devon,Local Histories ,5.0
E07000044,South Hams,Local Histories ,3.0
E07000045,Teignbridge,Local Histories ,5.0
E07000046,Torridge,Local Histories ,2.0
E07000047,West Devon,Local Histories ,2.0
E07000061,Eastbourne,Local Histories ,1.0
E07000063,Lewes,Local Histories ,2.0
E07000064,Rother,Local Histories ,5.0
E07000066,Basildon,Local Histories ,2.0
E07000067,Braintree,Local Histories ,7.0
E07000068,Brentwood,Local Histories ,1.0
E07000069,Castle Point,Local Histories ,2.0
E07000071,Colchester,Local Histories ,2.0
E07000072,Epping Forest,Local Histories ,1.0
E07000073,Harlow,Local Histories ,1.0
E07000074,Maldon,Local Histories ,2.0
E07000075,Rochford,Local Histories ,2.0
E07000076,Tendring,Local Histories ,1.0
E07000077,Uttlesford,Local Histories ,3.0
E07000080,Forest of Dean,Local Histories ,2.0
E07000082,Stroud,Local Histories ,3.0
E07000083,Tewkesbury,Local Histories ,2.0
E07000084,Basingstoke and Deane,Local Histories ,2.0
E07000085,East Hampshire,Local Histories ,2.0
E07000086,Eastleigh,Local Histories ,1.0
E07000087,Fareham,Local Histories ,1.0
E07000088,Gosport,Local Histories ,1.0
E07000090,Havant,Local Histories ,2.0
E07000091,New Forest,Local Histories ,3.0
E07000093,Test Valley,Local Histories ,1.0
E07000094,Winchester,Local Histories ,3.0
E07000095,Broxbourne,Local Histories ,1.0
E07000096,Dacorum,Local Histories ,1.0
E07000098,Hertsmere,Local Histories ,4.0
E07000099,North Hertfordshire,Local Histories ,6.0
E07000102,Three Rivers,Local Histories ,1.0
E07000103,Watford,Local Histories ,1.0
E07000105,Ashford,Local Histories ,3.0
E07000106,Canterbury,Local Histories ,2.0
E07000107,Dartford,Local Histories ,1.0
E07000108,Dover,Local Histories ,4.0
E07000109,Gravesham,Local Histories ,1.0
E07000111,Sevenoaks,Local Histories ,4.0
E07000112,Folkestone and Hythe,Local Histories ,4.0
E07000113,Swale,Local Histories ,8.0
E07000114,Thanet,Local Histories ,1.0
E07000119,Fylde,Local Histories ,1.0
E07000121,Lancaster,Local Histories ,1.0
E07000122,Pendle,Local Histories ,1.0
E07000124,Ribble Valley,Local Histories ,1.0
E07000125,Rossendale,Local Histories ,1.0
E07000126,South Ribble,Local Histories ,1.0
E07000130,Charnwood,Local Histories ,2.0
E07000131,Harborough,Local Histories ,3.0
E07000132,Hinckley and Bosworth,Local Histories ,1.0
E07000133,Melton,Local Histories ,1.0
E07000134,North West Leicestershire,Local Histories ,5.0
E07000136,Boston,Local Histories ,1.0
E07000137,East Lindsey,Local Histories ,3.0
E07000138,Lincoln,Local Histories ,1.0
E07000139,North Kesteven,Local Histories ,1.0
E07000140,South Holland,Local Histories ,1.0
E07000141,South Kesteven,Local Histories ,3.0
E07000142,West Lindsey,Local Histories ,1.0
E07000143,Breckland,Local Histories ,4.0
E07000144,Broadland,Local Histories ,1.0
E07000145,Great Yarmouth,Local Histories ,1.0
E07000146,King's Lynn and West Norfolk,Local Histories ,2.0
E07000147,North Norfolk,Local Histories ,3.0
E07000148,Norwich,Local Histories ,2.0
E07000149,South Norfolk,Local Histories ,4.0
E07000163,Craven,Local Histories ,3.0
E07000164,Hambleton,Local Histories ,2.0
E07000165,Harrogate,Local Histories ,1.0
E07000166,Richmondshire,Local Histories ,3.0
E07000167,Ryedale,Local Histories ,1.0
E07000168,Scarborough,Local Histories ,2.0
E07000174,Mansfield,Local Histories ,1.0
E07000175,Newark and Sherwood,Local Histories ,1.0
E07000176,Rushcliffe,Local Histories ,2.0
E07000177,Cherwell,Local Histories ,2.0
E07000178,Oxford,Local Histories ,1.0
E07000179,South Oxfordshire,Local Histories ,3.0
E07000180,Vale of White Horse,Local Histories ,5.0
E07000181,West Oxfordshire,Local Histories ,6.0
E07000187,Mendip,Local Histories ,2.0
E07000188,Sedgemoor,Local Histories ,2.0
E07000189,South Somerset,Local Histories ,6.0
E07000192,Cannock Chase,Local Histories ,1.0
E07000193,East Staffordshire,Local Histories ,1.0
E07000194,Lichfield,Local Histories ,1.0
E07000200,Babergh,Local Histories ,2.0
E07000203,Mid Suffolk,Local Histories ,3.0
E07000208,Epsom and Ewell,Local Histories ,1.0
E07000209,Guildford,Local Histories ,3.0
E07000210,Mole Valley,Local Histories ,2.0
E07000212,Runnymede,Local Histories ,2.0
E07000213,Spelthorne,Local Histories ,1.0
E07000214,Surrey Heath,Local Histories ,2.0
E07000215,Tandridge,Local Histories ,1.0
E07000216,Waverley,Local Histories ,2.0
E07000217,Woking,Local Histories ,1.0
E07000219,Nuneaton and Bedworth,Local Histories ,2.0
E07000220,Rugby,Local Histories ,1.0
E07000221,Stratford-on-Avon,Local Histories ,1.0
E07000222,Warwick,Local Histories ,3.0
E07000223,Adur,Local Histories ,2.0
E07000224,Arun,Local Histories ,3.0
E07000225,Chichester,Local Histories ,2.0
E07000226,Crawley,Local Histories ,1.0
E07000227,Horsham,Local Histories ,3.0
E07000228,Mid Sussex,Local Histories ,4.0
E07000235,Malvern Hills,Local Histories ,2.0
E07000237,Worcester,Local Histories ,2.0
E07000238,Wychavon,Local Histories ,4.0
E07000240,St Albans,Local Histories ,1.0
E07000241,Welwyn Hatfield,Local Histories ,1.0
E07000242,East Hertfordshire,Local Histories ,5.0
E07000243,Stevenage,Local Histories ,1.0
E07000244,East Suffolk,Local Histories ,12.0
E07000245,West Suffolk,Local Histories ,3.0
E07000246,Somerset West and Taunton,Local Histories ,5.0
E08000001,Bolton,Local Histories ,1.0
E08000004,Oldham,Local Histories ,1.0
E08000007,Stockport,Local Histories ,1.0
E08000008,Tameside,Local Histories ,1.0
E08000010,Wigan,Local Histories ,2.0
E08000011,Knowsley,Local Histories ,1.0
E08000012,Liverpool,Local Histories ,1.0
E08000013,St. Helens,Local Histories ,1.0
E08000015,Wirral,Local Histories ,1.0
E08000016,Barnsley,Local Histories ,2.0
E08000017,Doncaster,Local Histories ,1.0
E08000019,Sheffield,Local Histories ,1.0
E08000028,Sandwell,Local Histories ,2.0
E08000029,Solihull,Local Histories ,1.0
E08000033,Calderdale,Local Histories ,2.0
E08000035,Leeds,Local Histories ,2.0
E08000036,Wakefield,Local Histories ,3.0
E09000001,City of London,Local Histories ,2.0
E09000002,Barking and Dagenham,Local Histories ,1.0
E09000003,Barnet,Local Histories ,2.0
E09000004,Bexley,Local Histories ,1.0
E09000005,Brent,Local Histories ,1.0
E09000007,Camden,Local Histories ,1.0
E09000008,Croydon,Local Histories ,1.0
E09000010,Enfield,Local Histories ,1.0
E09000011,Greenwich,Local Histories ,1.0
E09000012,Hackney,Local Histories ,1.0
E09000014,Haringey,Local Histories ,1.0
E09000015,Harrow,Local Histories ,1.0
E09000016,Havering,Local Histories ,1.0
E09000019,Islington,Local Histories ,1.0
E09000021,Kingston upon Thames,Local Histories ,1.0
E09000024,Merton,Local Histories ,2.0
E09000026,Redbridge,Local Histories ,1.0
E09000027,Richmond upon Thames,Local Histories ,3.0
E09000028,Southwark,Local Histories ,1.0
E09000030,Tower Hamlets,Local Histories ,1.0
E09000031,Waltham Forest,Local Histories ,1.0
L99999999,Channel Islands,Local Histories ,2.0
M99999999,Isle of Man,Local Histories ,2.0
N09000002,"Armagh City, Banbridge and Craigavon",Local Histories ,2.0
N09000003,Belfast,Local Histories ,1.0
N09000004,Causeway Coast and Glens,Local Histories ,5.0
N09000005,Derry City and Strabane,Local Histories ,1.0
N09000006,Fermanagh and Omagh,Local Histories ,2.0
N09000008,Mid and East Antrim,Local Histories ,4.0
N09000010,"Newry, Mourne and Down",Local Histories ,2.0
N09000011,Ards and North Down,Local Histories ,1.0
S12000005,Clackmannanshire,Local Histories ,2.0
S12000006,Dumfries and Galloway,Local Histories ,10.0
S12000008,East Ayrshire,Local Histories ,2.0
S12000010,East Lothian,Local Histories ,4.0
S12000011,East Renfrewshire,Local Histories ,1.0
S12000013,Na h-Eileanan Siar,Local Histories ,12.0
S12000014,Falkirk,Local Histories ,2.0
S12000017,Highland,Local Histories ,23.0
S12000019,Midlothian,Local Histories ,2.0
S12000020,Moray,Local Histories ,4.0
S12000021,North Ayrshire,Local Histories ,6.0
S12000023,Orkney Islands,Local Histories ,2.0
S12000026,Scottish Borders,Local Histories ,8.0
S12000027,Shetland Islands,Local Histories ,11.0
S12000028,South Ayrshire,Local Histories ,2.0
S12000029,South Lanarkshire,Local Histories ,4.0
S12000030,Stirling,Local Histories ,1.0
S12000033,Aberdeen City,Local Histories ,1.0
S12000034,Aberdeenshire,Local Histories ,10.0
S12000035,Argyll and Bute,Local Histories ,14.0
S12000036,City of Edinburgh,Local Histories ,3.0
S12000038,Renfrewshire,Local Histories ,2.0
S12000039,West Dunbartonshire,Local Histories ,1.0
S12000040,West Lothian,Local Histories ,6.0
S12000041,Angus,Local Histories ,5.0
S12000042,Dundee City,Local Histories ,1.0
S12000045,East Dunbartonshire,Local Histories ,2.0
S12000047,Fife,Local Histories ,9.0
S12000048,Perth and Kinross,Local Histories ,5.0
S12000049,Glasgow City,Local Histories ,1.0
S12000050,North Lanarkshire,Local Histories ,6.0
W06000002,Gwynedd,Local Histories ,3.0
W06000003,Conwy,Local Histories ,2.0
W06000004,Denbighshire,Local Histories ,6.0
W06000005,Flintshire,Local Histories ,3.0
W06000006,Wrexham,Local Histories ,4.0
W06000008,Ceredigion,Local Histories ,3.0
W06000009,Pembrokeshire,Local Histories ,6.0
W06000010,Carmarthenshire,Local Histories ,3.0
W06000011,Swansea,Local Histories ,2.0
W06000013,Bridgend,Local Histories ,1.0
W06000014,Vale of Glamorgan,Local Histories ,1.0
W06000015,Cardiff,Local Histories ,1.0
W06000016,Rhondda Cynon Taf,Local Histories ,2.0
W06000018,Caerphilly,Local Histories ,2.0
W06000019,Blaenau Gwent,Local Histories ,5.0
W06000020,Torfaen,Local Histories ,2.0
W06000021,Monmouthshire,Local Histories ,2.0
W06000022,Newport,Local Histories ,1.0
W06000023,Powys,Local Histories ,6.0
W06000024,Merthyr Tydfil,Local Histories ,1.0
E06000022,Bath and North East Somerset,Medicine and health ,1.0
E06000023,"Bristol, City of",Medicine and health ,1.0
E06000038,Reading,Medicine and health ,1.0
E06000050,Cheshire West and Chester,Medicine and health ,1.0
E07000147,North Norfolk,Medicine and health ,1.0
E07000237,Worcester,Medicine and health ,1.0
E08000035,Leeds,Medicine and health ,1.0
E08000036,Wakefield,Medicine and health ,1.0
E09000001,City of London,Medicine and health ,1.0
E09000006,Bromley,Medicine and health ,1.0
E09000007,Camden,Medicine and health ,2.0
E09000019,Islington,Medicine and health ,1.0
E09000027,Richmond upon Thames,Medicine and health ,1.0
E09000028,Southwark,Medicine and health ,2.0
E09000030,Tower Hamlets,Medicine and health ,2.0
E09000032,Wandsworth,Medicine and health ,1.0
E09000033,Westminster,Medicine and health ,7.0
S12000006,Dumfries and Galloway,Medicine and health ,1.0
S12000033,Aberdeen City,Medicine and health ,1.0
S12000036,City of Edinburgh,Medicine and health ,2.0
S12000042,Dundee City,Medicine and health ,1.0
S12000049,Glasgow City,Medicine and health ,1.0
W06000002,Gwynedd,Medicine and health ,1.0
E06000002,Middlesbrough,Mixed ,1.0
E06000004,Stockton-on-Tees,Mixed ,1.0
E06000007,Warrington,Mixed ,1.0
E06000008,Blackburn with Darwen,Mixed ,1.0
E06000010,"Kingston upon Hull, City of",Mixed ,1.0
E06000011,East Riding of Yorkshire,Mixed ,2.0
E06000013,North Lincolnshire,Mixed ,1.0
E06000014,York,Mixed ,3.0
E06000015,Derby,Mixed ,1.0
E06000016,Leicester,Mixed ,1.0
E06000018,Nottingham,Mixed ,2.0
E06000021,Stoke-on-Trent,Mixed ,1.0
E06000022,Bath and North East Somerset,Mixed ,1.0
E06000023,"Bristol, City of",Mixed ,1.0
E06000024,North Somerset,Mixed ,1.0
E06000026,Plymouth,Mixed ,2.0
E06000027,Torbay,Mixed ,1.0
E06000030,Swindon,Mixed ,1.0
E06000032,Luton,Mixed ,1.0
E06000035,Medway,Mixed ,1.0
E06000038,Reading,Mixed ,1.0
E06000043,Brighton and Hove,Mixed ,3.0
E06000047,County Durham,Mixed ,1.0
E06000049,Cheshire East,Mixed ,1.0
E06000050,Cheshire West and Chester,Mixed ,1.0
E06000051,Shropshire,Mixed ,2.0
E06000052,Cornwall,Mixed ,2.0
E06000055,Bedford,Mixed ,1.0
E06000057,Northumberland,Mixed ,3.0
E06000058,"Bournemouth, Christchurch and Poole",Mixed ,1.0
E06000059,Dorset,Mixed ,1.0
E06000060,Buckinghamshire,Mixed ,1.0
E06000062,West Northamptonshire,Mixed ,2.0
E07000008,Cambridge,Mixed ,1.0
E07000027,Barrow-in-Furness,Mixed ,1.0
E07000028,Carlisle,Mixed ,1.0
E07000031,South Lakeland,Mixed ,1.0
E07000034,Chesterfield,Mixed ,1.0
E07000037,High Peak,Mixed ,2.0
E07000041,Exeter,Mixed ,1.0
E07000043,North Devon,Mixed ,2.0
E07000046,Torridge,Mixed ,1.0
E07000062,Hastings,Mixed ,1.0
E07000070,Chelmsford,Mixed ,1.0
E07000077,Uttlesford,Mixed ,1.0
E07000078,Cheltenham,Mixed ,1.0
E07000081,Gloucester,Mixed ,1.0
E07000094,Winchester,Mixed ,1.0
E07000106,Canterbury,Mixed ,1.0
E07000110,Maidstone,Mixed ,1.0
E07000111,Sevenoaks,Mixed ,1.0
E07000114,Thanet,Mixed ,1.0
E07000116,Tunbridge Wells,Mixed ,2.0
E07000117,Burnley,Mixed ,1.0
E07000123,Preston,Mixed ,1.0
E07000124,Ribble Valley,Mixed ,1.0
E07000125,Rossendale,Mixed ,2.0
E07000128,Wyre,Mixed ,1.0
E07000137,East Lindsey,Mixed ,1.0
E07000138,Lincoln,Mixed ,1.0
E07000140,South Holland,Mixed ,1.0
E07000143,Breckland,Mixed ,1.0
E07000148,Norwich,Mixed ,1.0
E07000167,Ryedale,Mixed ,1.0
E07000168,Scarborough,Mixed ,1.0
E07000171,Bassetlaw,Mixed ,1.0
E07000175,Newark and Sherwood,Mixed ,1.0
E07000177,Cherwell,Mixed ,1.0
E07000178,Oxford,Mixed ,3.0
E07000181,West Oxfordshire,Mixed ,1.0
E07000195,Newcastle-under-Lyme,Mixed ,1.0
E07000197,Stafford,Mixed ,1.0
E07000202,Ipswich,Mixed ,1.0
E07000209,Guildford,Mixed ,1.0
E07000216,Waverley,Mixed ,1.0
E07000219,Nuneaton and Bedworth,Mixed ,1.0
E07000220,Rugby,Mixed ,1.0
E07000222,Warwick,Mixed ,1.0
E07000224,Arun,Mixed ,1.0
E07000227,Horsham,Mixed ,1.0
E07000229,Worthing,Mixed ,1.0
E07000234,Bromsgrove,Mixed ,1.0
E07000237,Worcester,Mixed ,1.0
E07000238,Wychavon,Mixed ,1.0
E07000239,Wyre Forest,Mixed ,1.0
E08000001,Bolton,Mixed ,1.0
E08000003,Manchester,Mixed ,1.0
E08000004,Oldham,Mixed ,1.0
E08000005,Rochdale,Mixed ,1.0
E08000006,Salford,Mixed ,1.0
E08000012,Liverpool,Mixed ,2.0
E08000016,Barnsley,Mixed ,1.0
E08000017,Doncaster,Mixed ,1.0
E08000018,Rotherham,Mixed ,1.0
E08000019,Sheffield,Mixed ,2.0
E08000021,Newcastle upon Tyne,Mixed ,1.0
E08000023,South Tyneside,Mixed ,1.0
E08000024,Sunderland,Mixed ,1.0
E08000025,Birmingham,Mixed ,1.0
E08000026,Coventry,Mixed ,1.0
E08000027,Dudley,Mixed ,1.0
E08000028,Sandwell,Mixed ,1.0
E08000032,Bradford,Mixed ,1.0
E08000033,Calderdale,Mixed ,1.0
E08000034,Kirklees,Mixed ,2.0
E08000035,Leeds,Mixed ,2.0
E09000004,Bexley,Mixed ,1.0
E09000007,Camden,Mixed ,3.0
E09000016,Havering,Mixed ,1.0
E09000023,Lewisham,Mixed ,1.0
L99999999,Channel Islands,Mixed ,1.0
M99999999,Isle of Man,Mixed ,2.0
N09000002,"Armagh City, Banbridge and Craigavon",Mixed ,2.0
N09000003,Belfast,Mixed ,2.0
N09000007,Lisburn and Castlereagh,Mixed ,1.0
N09000011,Ards and North Down,Mixed ,1.0
S12000008,East Ayrshire,Mixed ,2.0
S12000017,Highland,Mixed ,2.0
S12000018,Inverclyde,Mixed ,1.0
S12000023,Orkney Islands,Mixed ,1.0
S12000026,Scottish Borders,Mixed ,1.0
S12000030,Stirling,Mixed ,1.0
S12000033,Aberdeen City,Mixed ,1.0
S12000034,Aberdeenshire,Mixed ,1.0
S12000036,City of Edinburgh,Mixed ,2.0
S12000038,Renfrewshire,Mixed ,1.0
S12000041,Angus,Mixed ,1.0
S12000042,Dundee City,Mixed ,1.0
S12000047,Fife,Mixed ,1.0
S12000048,Perth and Kinross,Mixed ,1.0
S12000049,Glasgow City,Mixed ,4.0
W06000015,Cardiff,Mixed ,1.0
E06000018,Nottingham,Natural world ,1.0
E06000040,Windsor and Maidenhead,Natural world ,1.0
E06000041,Wokingham,Natural world ,1.0
E06000043,Brighton and Hove,Natural world ,1.0
E06000044,Portsmouth,Natural world ,1.0
E06000046,Isle of Wight,Natural world ,2.0
E06000058,"Bournemouth, Christchurch and Poole",Natural world ,1.0
E06000059,Dorset,Natural world ,4.0
E07000008,Cambridge,Natural world ,3.0
E07000045,Teignbridge,Natural world ,1.0
E07000063,Lewes,Natural world ,1.0
E07000071,Colchester,Natural world ,1.0
E07000083,Tewkesbury,Natural world ,1.0
E07000088,Gosport,Natural world ,1.0
E07000096,Dacorum,Natural world ,1.0
E07000107,Dartford,Natural world ,1.0
E07000147,North Norfolk,Natural world ,1.0
E07000168,Scarborough,Natural world ,1.0
E07000178,Oxford,Natural world ,2.0
E07000198,Staffordshire Moorlands,Natural world ,1.0
E07000228,Mid Sussex,Natural world ,1.0
E08000019,Sheffield,Natural world ,1.0
E08000021,Newcastle upon Tyne,Natural world ,1.0
E08000025,Birmingham,Natural world ,1.0
E09000007,Camden,Natural world ,1.0
E09000020,Kensington and Chelsea,Natural world ,1.0
E09000022,Lambeth,Natural world ,1.0
S12000006,Dumfries and Galloway,Natural world ,1.0
S12000017,Highland,Natural world ,2.0
S12000021,North Ayrshire,Natural world ,1.0
S12000023,Orkney Islands,Natural world ,1.0
S12000033,Aberdeen City,Natural world ,2.0
S12000036,City of Edinburgh,Natural world ,2.0
S12000042,Dundee City,Natural world ,1.0
S12000047,Fife,Natural world ,1.0
S12000049,Glasgow City,Natural world ,1.0
W06000001,Isle of Anglesey,Natural world ,1.0
W06000008,Ceredigion,Natural world ,1.0
E06000019,"Herefordshire, County of",Other ,1.0
E06000020,Telford and Wrekin,Other ,1.0
E06000027,Torbay,Other ,1.0
E06000040,Windsor and Maidenhead,Other ,1.0
E06000045,Southampton,Other ,1.0
E06000046,Isle of Wight,Other ,1.0
E06000051,Shropshire,Other ,1.0
E06000052,Cornwall,Other ,1.0
E06000057,Northumberland,Other ,1.0
E06000059,Dorset,Other ,2.0
E07000028,Carlisle,Other ,1.0
E07000062,Hastings,Other ,1.0
E07000080,Forest of Dean,Other ,1.0
E07000108,Dover,Other ,1.0
E07000114,Thanet,Other ,1.0
E07000128,Wyre,Other ,1.0
E07000178,Oxford,Other ,1.0
E07000227,Horsham,Other ,1.0
E08000003,Manchester,Other ,3.0
E08000005,Rochdale,Other ,1.0
E08000012,Liverpool,Other ,3.0
E09000001,City of London,Other ,2.0
E09000007,Camden,Other ,2.0
E09000012,Hackney,Other ,1.0
E09000020,Kensington and Chelsea,Other ,1.0
E09000023,Lewisham,Other ,1.0
E09000028,Southwark,Other ,1.0
E09000030,Tower Hamlets,Other ,1.0
E09000032,Wandsworth,Other ,1.0
E09000033,Westminster,Other ,2.0
N09000009,Mid Ulster,Other ,1.0
S12000006,Dumfries and Galloway,Other ,1.0
S12000036,City of Edinburgh,Other ,2.0
S12000047,Fife,Other ,1.0
W06000016,Rhondda Cynon Taf,Other ,1.0
W06000023,Powys,Other ,1.0
E06000002,Middlesbrough,Personality ,1.0
E06000010,"Kingston upon Hull, City of",Personality ,1.0
E06000011,East Riding of Yorkshire,Personality ,1.0
E06000013,North Lincolnshire,Personality ,1.0
E06000014,York,Personality ,2.0
E06000016,Leicester,Personality ,1.0
E06000018,Nottingham,Personality ,1.0
E06000019,"Herefordshire, County of",Personality ,1.0
E06000022,Bath and North East Somerset,Personality ,2.0
E06000023,"Bristol, City of",Personality ,3.0
E06000030,Swindon,Personality ,1.0
E06000031,Peterborough,Personality ,1.0
E06000042,Milton Keynes,Personality ,1.0
E06000044,Portsmouth,Personality ,1.0
E06000046,Isle of Wight,Personality ,2.0
E06000052,Cornwall,Personality ,3.0
E06000054,Wiltshire,Personality ,2.0
E06000055,Bedford,Personality ,1.0
E06000057,Northumberland,Personality ,3.0
E06000059,Dorset,Personality ,3.0
E06000060,Buckinghamshire,Personality ,3.0
E06000062,West Northamptonshire,Personality ,1.0
E07000008,Cambridge,Personality ,1.0
E07000009,East Cambridgeshire,Personality ,1.0
E07000010,Fenland,Personality ,1.0
E07000011,Huntingdonshire,Personality ,1.0
E07000026,Allerdale,Personality ,1.0
E07000031,South Lakeland,Personality ,6.0
E07000044,South Hams,Personality ,1.0
E07000063,Lewes,Personality ,1.0
E07000064,Rother,Personality ,2.0
E07000071,Colchester,Personality ,1.0
E07000078,Cheltenham,Personality ,1.0
E07000082,Stroud,Personality ,1.0
E07000085,East Hampshire,Personality ,2.0
E07000105,Ashford,Personality ,1.0
E07000111,Sevenoaks,Personality ,2.0
E07000114,Thanet,Personality ,1.0
E07000116,Tunbridge Wells,Personality ,1.0
E07000121,Lancaster,Personality ,1.0
E07000141,South Kesteven,Personality ,1.0
E07000147,North Norfolk,Personality ,1.0
E07000164,Hambleton,Personality ,3.0
E07000168,Scarborough,Personality ,2.0
E07000170,Ashfield,Personality ,1.0
E07000172,Broxtowe,Personality ,1.0
E07000188,Sedgemoor,Personality ,1.0
E07000194,Lichfield,Personality ,2.0
E07000197,Stafford,Personality ,1.0
E07000198,Staffordshire Moorlands,Personality ,1.0
E07000200,Babergh,Personality ,1.0
E07000221,Stratford-on-Avon,Personality ,5.0
E07000235,Malvern Hills,Personality ,1.0
E07000241,Welwyn Hatfield,Personality ,1.0
E07000242,East Hertfordshire,Personality ,1.0
E07000244,East Suffolk,Personality ,1.0
E08000003,Manchester,Personality ,2.0
E08000012,Liverpool,Personality ,1.0
E08000023,South Tyneside,Personality ,1.0
E08000025,Birmingham,Personality ,2.0
E08000028,Sandwell,Personality ,1.0
E08000032,Bradford,Personality ,1.0
E08000036,Wakefield,Personality ,1.0
E09000001,City of London,Personality ,1.0
E09000006,Bromley,Personality ,1.0
E09000007,Camden,Personality ,4.0
E09000013,Hammersmith and Fulham,Personality ,2.0
E09000015,Harrow,Personality ,1.0
E09000018,Hounslow,Personality ,1.0
E09000020,Kensington and Chelsea,Personality ,3.0
E09000022,Lambeth,Personality ,1.0
E09000027,Richmond upon Thames,Personality ,2.0
E09000028,Southwark,Personality ,2.0
E09000030,Tower Hamlets,Personality ,1.0
E09000031,Waltham Forest,Personality ,1.0
E09000033,Westminster,Personality ,3.0
L99999999,Channel Islands,Personality ,2.0
N09000001,Antrim and Newtownabbey,Personality ,1.0
N09000002,"Armagh City, Banbridge and Craigavon",Personality ,2.0
N09000005,Derry City and Strabane,Personality ,2.0
N09000007,Lisburn and Castlereagh,Personality ,1.0
N09000008,Mid and East Antrim,Personality ,2.0
N09000009,Mid Ulster,Personality ,3.0
S12000006,Dumfries and Galloway,Personality ,5.0
S12000008,East Ayrshire,Personality ,1.0
S12000010,East Lothian,Personality ,1.0
S12000013,Na h-Eileanan Siar,Personality ,1.0
S12000017,Highland,Personality ,3.0
S12000021,North Ayrshire,Personality ,1.0
S12000026,Scottish Borders,Personality ,6.0
S12000028,South Ayrshire,Personality ,3.0
S12000029,South Lanarkshire,Personality ,2.0
S12000030,Stirling,Personality ,1.0
S12000036,City of Edinburgh,Personality ,3.0
S12000041,Angus,Personality ,2.0
S12000047,Fife,Personality ,1.0
S12000048,Perth and Kinross,Personality ,2.0
W06000002,Gwynedd,Personality ,3.0
W06000003,Conwy,Personality ,2.0
W06000009,Pembrokeshire,Personality ,1.0
W06000010,Carmarthenshire,Personality ,1.0
W06000011,Swansea,Personality ,1.0
W06000021,Monmouthshire,Personality ,1.0
W06000023,Powys,Personality ,4.0
W06000024,Merthyr Tydfil,Personality ,1.0
E06000002,Middlesbrough,Rural Industry ,1.0
E06000011,East Riding of Yorkshire,Rural Industry ,1.0
E06000014,York,Rural Industry ,1.0
E06000018,Nottingham,Rural Industry ,1.0
E06000038,Reading,Rural Industry ,1.0
E06000043,Brighton and Hove,Rural Industry ,1.0
E06000046,Isle of Wight,Rural Industry ,2.0
E06000050,Cheshire West and Chester,Rural Industry ,1.0
E06000051,Shropshire,Rural Industry ,1.0
E06000052,Cornwall,Rural Industry ,3.0
E06000056,Central Bedfordshire,Rural Industry ,2.0
E06000057,Northumberland,Rural Industry ,3.0
E06000059,Dorset,Rural Industry ,1.0
E06000060,Buckinghamshire,Rural Industry ,2.0
E07000011,Huntingdonshire,Rural Industry ,1.0
E07000012,South Cambridgeshire,Rural Industry ,1.0
E07000031,South Lakeland,Rural Industry ,1.0
E07000032,Amber Valley,Rural Industry ,1.0
E07000039,South Derbyshire,Rural Industry ,1.0
E07000040,East Devon,Rural Industry ,2.0
E07000042,Mid Devon,Rural Industry ,1.0
E07000047,West Devon,Rural Industry ,2.0
E07000065,Wealden,Rural Industry ,2.0
E07000066,Basildon,Rural Industry ,1.0
E07000075,Rochford,Rural Industry ,1.0
E07000077,Uttlesford,Rural Industry ,1.0
E07000086,Eastleigh,Rural Industry ,2.0
E07000088,Gosport,Rural Industry ,1.0
E07000091,New Forest,Rural Industry ,2.0
E07000105,Ashford,Rural Industry ,1.0
E07000106,Canterbury,Rural Industry ,1.0
E07000108,Dover,Rural Industry ,2.0
E07000109,Gravesham,Rural Industry ,1.0
E07000110,Maidstone,Rural Industry ,3.0
E07000119,Fylde,Rural Industry ,1.0
E07000125,Rossendale,Rural Industry ,1.0
E07000134,North West Leicestershire,Rural Industry ,1.0
E07000135,Oadby and Wigston,Rural Industry ,1.0
E07000137,East Lindsey,Rural Industry ,2.0
E07000139,North Kesteven,Rural Industry ,2.0
E07000140,South Holland,Rural Industry ,2.0
E07000147,North Norfolk,Rural Industry ,1.0
E07000167,Ryedale,Rural Industry ,1.0
E07000171,Bassetlaw,Rural Industry ,1.0
E07000173,Gedling,Rural Industry ,1.0
E07000176,Rushcliffe,Rural Industry ,1.0
E07000179,South Oxfordshire,Rural Industry ,1.0
E07000181,West Oxfordshire,Rural Industry ,2.0
E07000187,Mendip,Rural Industry ,1.0
E07000198,Staffordshire Moorlands,Rural Industry ,1.0
E07000216,Waverley,Rural Industry ,1.0
E07000220,Rugby,Rural Industry ,1.0
E07000221,Stratford-on-Avon,Rural Industry ,1.0
E07000226,Crawley,Rural Industry ,1.0
E07000244,East Suffolk,Rural Industry ,3.0
E07000245,West Suffolk,Rural Industry ,1.0
E07000246,Somerset West and Taunton,Rural Industry ,2.0
E08000016,Barnsley,Rural Industry ,1.0
E08000019,Sheffield,Rural Industry ,1.0
E08000025,Birmingham,Rural Industry ,1.0
E08000034,Kirklees,Rural Industry ,2.0
E09000024,Merton,Rural Industry ,1.0
L99999999,Channel Islands,Rural Industry ,2.0
M99999999,Isle of Man,Rural Industry ,1.0
N09000002,"Armagh City, Banbridge and Craigavon",Rural Industry ,1.0
N09000004,Causeway Coast and Glens,Rural Industry ,1.0
N09000009,Mid Ulster,Rural Industry ,1.0
S12000017,Highland,Rural Industry ,1.0
S12000021,North Ayrshire,Rural Industry ,1.0
S12000023,Orkney Islands,Rural Industry ,1.0
S12000026,Scottish Borders,Rural Industry ,1.0
S12000027,Shetland Islands,Rural Industry ,2.0
S12000029,South Lanarkshire,Rural Industry ,2.0
S12000034,Aberdeenshire,Rural Industry ,5.0
S12000035,Argyll and Bute,Rural Industry ,1.0
S12000038,Renfrewshire,Rural Industry ,1.0
S12000040,West Lothian,Rural Industry ,1.0
S12000047,Fife,Rural Industry ,1.0
W06000001,Isle of Anglesey,Rural Industry ,1.0
W06000010,Carmarthenshire,Rural Industry ,1.0
W06000021,Monmouthshire,Rural Industry ,1.0
E06000011,East Riding of Yorkshire,Science and technology ,1.0
E06000016,Leicester,Science and technology ,2.0
E06000018,Nottingham,Science and technology ,1.0
E06000020,Telford and Wrekin,Science and technology ,1.0
E06000030,Swindon,Science and technology ,1.0
E06000042,Milton Keynes,Science and technology ,1.0
E07000008,Cambridge,Science and technology ,2.0
E07000070,Chelmsford,Science and technology ,1.0
E07000114,Thanet,Science and technology ,1.0
E07000140,South Holland,Science and technology ,1.0
E07000168,Scarborough,Science and technology ,1.0
E07000178,Oxford,Science and technology ,1.0
E08000003,Manchester,Science and technology ,1.0
E08000025,Birmingham,Science and technology ,1.0
E09000011,Greenwich,Science and technology ,1.0
E09000020,Kensington and Chelsea,Science and technology ,1.0
E09000033,Westminster,Science and technology ,1.0
S12000020,Moray,Science and technology ,1.0
S12000033,Aberdeen City,Science and technology ,1.0
S12000042,Dundee City,Science and technology ,1.0
E06000001,Hartlepool,Sea and technology ,1.0
E06000010,"Kingston upon Hull, City of",Sea and technology ,3.0
E06000011,East Riding of Yorkshire,Sea and technology ,3.0
E06000012,North East Lincolnshire,Sea and technology ,1.0
E06000023,"Bristol, City of",Sea and technology ,2.0
E06000027,Torbay,Sea and technology ,1.0
E06000035,Medway,Sea and technology ,2.0
E06000043,Brighton and Hove,Sea and technology ,1.0
E06000044,Portsmouth,Sea and technology ,1.0
E06000046,Isle of Wight,Sea and technology ,5.0
E06000052,Cornwall,Sea and technology ,6.0
E06000053,Isles of Scilly,Sea and technology ,1.0
E06000057,Northumberland,Sea and technology ,2.0
E07000031,South Lakeland,Sea and technology ,1.0
E07000044,South Hams,Sea and technology ,1.0
E07000046,Torridge,Sea and technology ,2.0
E07000062,Hastings,Sea and technology ,2.0
E07000071,Colchester,Sea and technology ,1.0
E07000076,Tendring,Sea and technology ,2.0
E07000088,Gosport,Sea and technology ,1.0
E07000091,New Forest,Sea and technology ,1.0
E07000114,Thanet,Sea and technology ,1.0
E07000118,Chorley,Sea and technology ,1.0
E07000119,Fylde,Sea and technology ,1.0
E07000121,Lancaster,Sea and technology ,2.0
E07000145,Great Yarmouth,Sea and technology ,1.0
E07000146,King's Lynn and West Norfolk,Sea and technology ,1.0
E07000147,North Norfolk,Sea and technology ,3.0
E07000168,Scarborough,Sea and technology ,1.0
E07000202,Ipswich,Sea and technology ,1.0
E07000244,East Suffolk,Sea and technology ,3.0
E07000246,Somerset West and Taunton,Sea and technology ,1.0
E08000012,Liverpool,Sea and technology ,2.0
E08000022,North Tyneside,Sea and technology ,2.0
E08000023,South Tyneside,Sea and technology ,1.0
E09000011,Greenwich,Sea and technology ,2.0
E09000028,Southwark,Sea and technology ,1.0
L99999999,Channel Islands,Sea and technology ,2.0
M99999999,Isle of Man,Sea and technology ,1.0
N09000003,Belfast,Sea and technology ,3.0
S12000017,Highland,Sea and technology ,2.0
S12000020,Moray,Sea and technology ,2.0
S12000021,North Ayrshire,Sea and technology ,1.0
S12000026,Scottish Borders,Sea and technology ,2.0
S12000027,Shetland Islands,Sea and technology ,1.0
S12000033,Aberdeen City,Sea and technology ,1.0
S12000034,Aberdeenshire,Sea and technology ,3.0
S12000035,Argyll and Bute,Sea and technology ,1.0
S12000036,City of Edinburgh,Sea and technology ,1.0
S12000039,West Dunbartonshire,Sea and technology ,1.0
S12000041,Angus,Sea and technology ,1.0
S12000042,Dundee City,Sea and technology ,2.0
S12000047,Fife,Sea and technology ,1.0
S12000049,Glasgow City,Sea and technology ,1.0
W06000001,Isle of Anglesey,Sea and technology ,3.0
W06000002,Gwynedd,Sea and technology ,5.0
W06000003,Conwy,Sea and technology ,1.0
W06000009,Pembrokeshire,Sea and technology ,1.0
W06000010,Carmarthenshire,Sea and technology ,1.0
E06000003,Redcar and Cleveland,Services ,1.0
E06000007,Warrington,Services ,1.0
E06000034,Thurrock,Services ,1.0
E06000055,Bedford,Services ,1.0
E06000059,Dorset,Services ,1.0
E07000047,West Devon,Services ,1.0
E07000061,Eastbourne,Services ,1.0
E07000070,Chelmsford,Services ,1.0
E07000076,Tendring,Services ,1.0
E07000083,Tewkesbury,Services ,1.0
E07000103,Watford,Services ,1.0
E07000110,Maidstone,Services ,1.0
E07000111,Sevenoaks,Services ,1.0
E07000147,North Norfolk,Services ,1.0
E07000168,Scarborough,Services ,1.0
E07000209,Guildford,Services ,1.0
E07000211,Reigate and Banstead,Services ,1.0
E07000218,North Warwickshire,Services ,1.0
E07000225,Chichester,Services ,1.0
E08000003,Manchester,Services ,1.0
E08000005,Rochdale,Services ,1.0
E08000014,Sefton,Services ,1.0
E08000019,Sheffield,Services ,1.0
E08000025,Birmingham,Services ,1.0
E08000032,Bradford,Services ,1.0
E09000001,City of London,Services ,1.0
E09000030,Tower Hamlets,Services ,1.0
E09000033,Westminster,Services ,1.0
N09000003,Belfast,Services ,1.0
N09000008,Mid and East Antrim,Services ,1.0
S12000035,Argyll and Bute,Services ,1.0
S12000038,Renfrewshire,Services ,1.0
S12000049,Glasgow City,Services ,1.0
W06000012,Neath Port Talbot,Services ,1.0
W06000013,Bridgend,Services ,1.0
E06000005,Darlington,Transport ,1.0
E06000010,"Kingston upon Hull, City of",Transport ,1.0
E06000013,North Lincolnshire,Transport ,1.0
E06000014,York,Transport ,2.0
E06000017,Rutland,Transport ,1.0
E06000022,Bath and North East Somerset,Transport ,1.0
E06000024,North Somerset,Transport ,2.0
E06000025,South Gloucestershire,Transport ,2.0
E06000030,Swindon,Transport ,2.0
E06000031,Peterborough,Transport ,1.0
E06000040,Windsor and Maidenhead,Transport ,1.0
E06000041,Wokingham,Transport ,1.0
E06000046,Isle of Wight,Transport ,3.0
E06000047,County Durham,Transport ,2.0
E06000049,Cheshire East,Transport ,1.0
E06000050,Cheshire West and Chester,Transport ,1.0
E06000051,Shropshire,Transport ,2.0
E06000052,Cornwall,Transport ,4.0
E06000054,Wiltshire,Transport ,3.0
E06000056,Central Bedfordshire,Transport ,3.0
E06000057,Northumberland,Transport ,2.0
E06000058,"Bournemouth, Christchurch and Poole",Transport ,1.0
E06000059,Dorset,Transport ,1.0
E06000060,Buckinghamshire,Transport ,2.0
E06000061,North Northamptonshire,Transport ,2.0
E06000062,West Northamptonshire,Transport ,3.0
E07000011,Huntingdonshire,Transport ,1.0
E07000026,Allerdale,Transport ,1.0
E07000028,Carlisle,Transport ,1.0
E07000029,Copeland,Transport ,1.0
E07000030,Eden,Transport ,1.0
E07000031,South Lakeland,Transport ,1.0
E07000032,Amber Valley,Transport ,4.0
E07000034,Chesterfield,Transport ,1.0
E07000035,Derbyshire Dales,Transport ,3.0
E07000045,Teignbridge,Transport ,3.0
E07000046,Torridge,Transport ,1.0
E07000047,West Devon,Transport ,1.0
E07000063,Lewes,Transport ,1.0
E07000065,Wealden,Transport ,1.0
E07000067,Braintree,Transport ,1.0
E07000069,Castle Point,Transport ,1.0
E07000070,Chelmsford,Transport ,1.0
E07000071,Colchester,Transport ,1.0
E07000074,Maldon,Transport ,1.0
E07000076,Tendring,Transport ,1.0
E07000079,Cotswold,Transport ,1.0
E07000080,Forest of Dean,Transport ,2.0
E07000081,Gloucester,Transport ,1.0
E07000083,Tewkesbury,Transport ,2.0
E07000088,Gosport,Transport ,1.0
E07000091,New Forest,Transport ,2.0
E07000092,Rushmoor,Transport ,1.0
E07000094,Winchester,Transport ,1.0
E07000098,Hertsmere,Transport ,1.0
E07000105,Ashford,Transport ,2.0
E07000108,Dover,Transport ,1.0
E07000110,Maidstone,Transport ,1.0
E07000112,Folkestone and Hythe,Transport ,2.0
E07000113,Swale,Transport ,3.0
E07000123,Preston,Transport ,1.0
E07000126,South Ribble,Transport ,1.0
E07000130,Charnwood,Transport ,1.0
E07000131,Harborough,Transport ,1.0
E07000132,Hinckley and Bosworth,Transport ,1.0
E07000134,North West Leicestershire,Transport ,1.0
E07000137,East Lindsey,Transport ,2.0
E07000139,North Kesteven,Transport ,2.0
E07000143,Breckland,Transport ,1.0
E07000144,Broadland,Transport ,2.0
E07000145,Great Yarmouth,Transport ,1.0
E07000147,North Norfolk,Transport ,4.0
E07000149,South Norfolk,Transport ,1.0
E07000163,Craven,Transport ,1.0
E07000167,Ryedale,Transport ,2.0
E07000176,Rushcliffe,Transport ,1.0
E07000177,Cherwell,Transport ,1.0
E07000179,South Oxfordshire,Transport ,3.0
E07000180,Vale of White Horse,Transport ,1.0
E07000181,West Oxfordshire,Transport ,2.0
E07000187,Mendip,Transport ,1.0
E07000189,South Somerset,Transport ,2.0
E07000194,Lichfield,Transport ,2.0
E07000198,Staffordshire Moorlands,Transport ,2.0
E07000202,Ipswich,Transport ,1.0
E07000203,Mid Suffolk,Transport ,1.0
E07000207,Elmbridge,Transport ,2.0
E07000210,Mole Valley,Transport ,1.0
E07000221,Stratford-on-Avon,Transport ,1.0
E07000222,Warwick,Transport ,1.0
E07000234,Bromsgrove,Transport ,1.0
E07000239,Wyre Forest,Transport ,2.0
E07000240,St Albans,Transport ,1.0
E07000242,East Hertfordshire,Transport ,1.0
E07000244,East Suffolk,Transport ,2.0
E07000246,Somerset West and Taunton,Transport ,2.0
E08000002,Bury,Transport ,1.0
E08000003,Manchester,Transport ,3.0
E08000013,St. Helens,Transport ,2.0
E08000015,Wirral,Transport ,1.0
E08000017,Doncaster,Transport ,1.0
E08000018,Rotherham,Transport ,1.0
E08000021,Newcastle upon Tyne,Transport ,1.0
E08000022,North Tyneside,Transport ,1.0
E08000024,Sunderland,Transport ,2.0
E08000025,Birmingham,Transport ,2.0
E08000026,Coventry,Transport ,1.0
E08000027,Dudley,Transport ,1.0
E08000029,Solihull,Transport ,1.0
E08000030,Walsall,Transport ,1.0
E08000032,Bradford,Transport ,4.0
E08000034,Kirklees,Transport ,1.0
E08000035,Leeds,Transport ,1.0
E08000037,Gateshead,Transport ,1.0
E09000008,Croydon,Transport ,1.0
E09000010,Enfield,Transport ,1.0
E09000017,Hillingdon,Transport ,1.0
E09000019,Islington,Transport ,1.0
E09000033,Westminster,Transport ,2.0
M99999999,Isle of Man,Transport ,4.0
N09000002,"Armagh City, Banbridge and Craigavon",Transport ,1.0
N09000006,Fermanagh and Omagh,Transport ,2.0
N09000007,Lisburn and Castlereagh,Transport ,1.0
N09000008,Mid and East Antrim,Transport ,1.0
N09000009,Mid Ulster,Transport ,1.0
N09000010,"Newry, Mourne and Down",Transport ,1.0
S12000010,East Lothian,Transport ,2.0
S12000014,Falkirk,Transport ,3.0
S12000017,Highland,Transport ,1.0
S12000020,Moray,Transport ,1.0
S12000026,Scottish Borders,Transport ,1.0
S12000028,South Ayrshire,Transport ,1.0
S12000034,Aberdeenshire,Transport ,3.0
S12000039,West Dunbartonshire,Transport ,1.0
S12000040,West Lothian,Transport ,1.0
S12000042,Dundee City,Transport ,1.0
S12000047,Fife,Transport ,1.0
S12000049,Glasgow City,Transport ,3.0
W06000001,Isle of Anglesey,Transport ,2.0
W06000002,Gwynedd,Transport ,4.0
W06000003,Conwy,Transport ,2.0
W06000004,Denbighshire,Transport ,1.0
W06000006,Wrexham,Transport ,2.0
W06000008,Ceredigion,Transport ,2.0
W06000010,Carmarthenshire,Transport ,1.0
W06000011,Swansea,Transport ,1.0
W06000023,Powys,Transport ,2.0
E06000005,Darlington,Utilities ,1.0
E06000019,"Herefordshire, County of",Utilities ,1.0
E06000024,North Somerset,Utilities ,1.0
E06000035,Medway,Utilities ,1.0
E06000044,Portsmouth,Utilities ,1.0
E06000051,Shropshire,Utilities ,1.0
E06000054,Wiltshire,Utilities ,1.0
E06000059,Dorset,Utilities ,1.0
E07000008,Cambridge,Utilities ,1.0
E07000009,East Cambridgeshire,Utilities ,2.0
E07000041,Exeter,Utilities ,1.0
E07000064,Rother,Utilities ,1.0
E07000074,Maldon,Utilities ,1.0
E07000094,Winchester,Utilities ,1.0
E07000129,Blaby,Utilities ,1.0
E07000137,East Lindsey,Utilities ,1.0
E07000140,South Holland,Utilities ,1.0
E07000147,North Norfolk,Utilities ,1.0
E07000173,Gedling,Utilities ,1.0
E07000188,Sedgemoor,Utilities ,1.0
E07000193,East Staffordshire,Utilities ,1.0
E07000197,Stafford,Utilities ,1.0
E07000225,Chichester,Utilities ,1.0
E08000024,Sunderland,Utilities ,1.0
E08000028,Sandwell,Utilities ,1.0
E09000011,Greenwich,Utilities ,1.0
E09000018,Hounslow,Utilities ,2.0
E09000031,Waltham Forest,Utilities ,1.0
N09000008,Mid and East Antrim,Utilities ,1.0
S12000029,South Lanarkshire,Utilities ,1.0
W06000023,Powys,Utilities ,1.0
E06000001,Hartlepool,War ,2.0
E06000007,Warrington,War ,1.0
E06000011,East Riding of Yorkshire,War ,2.0
E06000013,North Lincolnshire,War ,1.0
E06000014,York,War ,6.0
E06000015,Derby,War ,1.0
E06000016,Leicester,War ,1.0
E06000018,Nottingham,War ,1.0
E06000019,"Herefordshire, County of",War ,1.0
E06000026,Plymouth,War ,1.0
E06000027,Torbay,War ,1.0
E06000032,Luton,War ,1.0
E06000034,Thurrock,War ,2.0
E06000035,Medway,War ,2.0
E06000036,Bracknell Forest,War ,1.0
E06000040,Windsor and Maidenhead,War ,2.0
E06000042,Milton Keynes,War ,2.0
E06000044,Portsmouth,War ,5.0
E06000045,Southampton,War ,1.0
E06000046,Isle of Wight,War ,2.0
E06000047,County Durham,War ,2.0
E06000049,Cheshire East,War ,1.0
E06000050,Cheshire West and Chester,War ,2.0
E06000051,Shropshire,War ,3.0
E06000052,Cornwall,War ,5.0
E06000054,Wiltshire,War ,3.0
E06000055,Bedford,War ,2.0
E06000056,Central Bedfordshire,War ,2.0
E06000057,Northumberland,War ,8.0
E06000059,Dorset,War ,7.0
E06000060,Buckinghamshire,War ,2.0
E06000061,North Northamptonshire,War ,2.0
E06000062,West Northamptonshire,War ,1.0
E07000009,East Cambridgeshire,War ,1.0
E07000012,South Cambridgeshire,War ,4.0
E07000028,Carlisle,War ,2.0
E07000030,Eden,War ,1.0
E07000042,Mid Devon,War ,1.0
E07000043,North Devon,War ,1.0
E07000044,South Hams,War ,1.0
E07000063,Lewes,War ,2.0
E07000064,Rother,War ,1.0
E07000065,Wealden,War ,1.0
E07000067,Braintree,War ,1.0
E07000068,Brentwood,War ,1.0
E07000069,Castle Point,War ,1.0
E07000070,Chelmsford,War ,1.0
E07000071,Colchester,War ,1.0
E07000072,Epping Forest,War ,1.0
E07000074,Maldon,War ,3.0
E07000076,Tendring,War ,2.0
E07000077,Uttlesford,War ,1.0
E07000079,Cotswold,War ,1.0
E07000081,Gloucester,War ,1.0
E07000083,Tewkesbury,War ,1.0
E07000084,Basingstoke and Deane,War ,1.0
E07000087,Fareham,War ,1.0
E07000088,Gosport,War ,2.0
E07000091,New Forest,War ,1.0
E07000092,Rushmoor,War ,2.0
E07000093,Test Valley,War ,1.0
E07000094,Winchester,War ,9.0
E07000108,Dover,War ,4.0
E07000109,Gravesham,War ,1.0
E07000110,Maidstone,War ,3.0
E07000111,Sevenoaks,War ,3.0
E07000112,Folkestone and Hythe,War ,2.0
E07000114,Thanet,War ,2.0
E07000121,Lancaster,War ,2.0
E07000123,Preston,War ,1.0
E07000130,Charnwood,War ,1.0
E07000131,Harborough,War ,1.0
E07000132,Hinckley and Bosworth,War ,1.0
E07000136,Boston,War ,1.0
E07000137,East Lindsey,War ,5.0
E07000138,Lincoln,War ,2.0
E07000139,North Kesteven,War ,5.0
E07000142,West Lindsey,War ,3.0
E07000143,Breckland,War ,1.0
E07000144,Broadland,War ,3.0
E07000146,King's Lynn and West Norfolk,War ,2.0
E07000147,North Norfolk,War ,4.0
E07000149,South Norfolk,War ,4.0
E07000165,Harrogate,War ,1.0
E07000166,Richmondshire,War ,3.0
E07000167,Ryedale,War ,2.0
E07000172,Broxtowe,War ,1.0
E07000175,Newark and Sherwood,War ,4.0
E07000180,Vale of White Horse,War ,1.0
E07000181,West Oxfordshire,War ,1.0
E07000187,Mendip,War ,1.0
E07000189,South Somerset,War ,1.0
E07000194,Lichfield,War ,2.0
E07000197,Stafford,War ,2.0
E07000199,Tamworth,War ,1.0
E07000200,Babergh,War ,1.0
E07000202,Ipswich,War ,1.0
E07000203,Mid Suffolk,War ,2.0
E07000209,Guildford,War ,1.0
E07000214,Surrey Heath,War ,1.0
E07000221,Stratford-on-Avon,War ,2.0
E07000222,Warwick,War ,2.0
E07000224,Arun,War ,1.0
E07000225,Chichester,War ,1.0
E07000228,Mid Sussex,War ,1.0
E07000237,Worcester,War ,2.0
E07000239,Wyre Forest,War ,1.0
E07000244,East Suffolk,War ,7.0
E07000245,West Suffolk,War ,3.0
E07000246,Somerset West and Taunton,War ,1.0
E08000002,Bury,War ,1.0
E08000007,Stockport,War ,2.0
E08000008,Tameside,War ,1.0
E08000009,Trafford,War ,1.0
E08000012,Liverpool,War ,1.0
E08000015,Wirral,War ,1.0
E08000017,Doncaster,War ,1.0
E08000018,Rotherham,War ,1.0
E08000021,Newcastle upon Tyne,War ,3.0
E08000025,Birmingham,War ,1.0
E08000032,Bradford,War ,1.0
E08000033,Calderdale,War ,1.0
E08000034,Kirklees,War ,2.0
E08000035,Leeds,War ,1.0
E08000036,Wakefield,War ,1.0
E09000003,Barnet,War ,1.0
E09000006,Bromley,War ,1.0
E09000007,Camden,War ,1.0
E09000015,Harrow,War ,1.0
E09000017,Hillingdon,War ,1.0
E09000019,Islington,War ,1.0
E09000020,Kensington and Chelsea,War ,2.0
E09000027,Richmond upon Thames,War ,1.0
E09000028,Southwark,War ,2.0
E09000030,Tower Hamlets,War ,3.0
E09000032,Wandsworth,War ,1.0
E09000033,Westminster,War ,4.0
L99999999,Channel Islands,War ,11.0
M99999999,Isle of Man,War ,1.0
N09000002,"Armagh City, Banbridge and Craigavon",War ,3.0
N09000003,Belfast,War ,6.0
N09000005,Derry City and Strabane,War ,1.0
N09000006,Fermanagh and Omagh,War ,1.0
N09000011,Ards and North Down,War ,2.0
S12000006,Dumfries and Galloway,War ,4.0
S12000008,East Ayrshire,War ,1.0
S12000017,Highland,War ,5.0
S12000019,Midlothian,War ,1.0
S12000023,Orkney Islands,War ,2.0
S12000027,Shetland Islands,War ,1.0
S12000028,South Ayrshire,War ,1.0
S12000029,South Lanarkshire,War ,1.0
S12000030,Stirling,War ,1.0
S12000033,Aberdeen City,War ,1.0
S12000035,Argyll and Bute,War ,1.0
S12000036,City of Edinburgh,War ,4.0
S12000039,West Dunbartonshire,War ,1.0
S12000040,West Lothian,War ,1.0
S12000041,Angus,War ,1.0
S12000047,Fife,War ,2.0
S12000048,Perth and Kinross,War ,2.0
S12000049,Glasgow City,War ,2.0
W06000002,Gwynedd,War ,1.0
W06000003,Conwy,War ,1.0
W06000006,Wrexham,War ,1.0
W06000009,Pembrokeshire,War ,6.0
W06000012,Neath Port Talbot,War ,1.0
W06000014,Vale of Glamorgan,War ,2.0
W06000015,Cardiff,War ,2.0
W06000021,Monmouthshire,War ,2.0
W06000023,Powys,War ,2.0
